,apt,road,new_apt,new_road,latitude,longitude,company,home_cnt,home_size,room_cnt,bath_cnt
0,인본,학동로17길 13,None,None,0,0,None,0,0,0,0
1,휴먼스페이스,논현로111길 3,휴먼스페이스,논현로111길 3,37.507684,127.033442,황해건설(주),16,32,1,1
2,휴먼스페이스,논현로111길 3,휴먼스페이스,논현로111길 3,37.507684,127.033442,황해건설(주),16,32.35,1,1
3,휴먼스페이스,논현로111길 3,휴먼스페이스,논현로111길 3,37.507684,127.033442,황해건설(주),16,37.37,1,1
4,휴먼스페이스,논현로111길 3,휴먼스페이스,논현로111길 3,37.507684,127.033442,황해건설(주),16,37.71,1,1
5,휴먼스페이스,논현로111길 3,휴먼스페이스,논현로111길 3,37.507684,127.033442,황해건설(주),16,32,1,1
6,휴먼스페이스,논현로111길 3,휴먼스페이스,논현로111길 3,37.507684,127.033442,황해건설(주),16,32.35,1,1
7,휴먼스페이스,논현로111길 3,휴먼스페이스,논현로111길 3,37.507684,127.033442,황해건설(주),16,37.37,1,1
8,휴먼스페이스,논현로111길 3,휴먼스페이스,논현로111길 3,37.507684,127.033442,황해건설(주),16,37.71,1,1
9,대치동더블유타워,역삼로 555,대치더블유타워(도시형),역삼로 555,37.505016,127.063471,우민산업개발(주),149,23.48,1,1
10,대치동더블유타워,역삼로 555,대치더블유타워(도시형),역삼로 555,37.505016,127.063471,우민산업개발(주),149,23.63,1,1
11,대치동더블유타워,역삼로 555,대치더블유타워(도시형),역삼로 555,37.505016,127.063471,우민산업개발(주),149,28.52,1,1
12,대치동더블유타워,역삼로 555,대치더블유타워(도시형),역삼로 555,37.505016,127.063471,우민산업개발(주),149,28.74,1,1
13,대치동더블유타워,역삼로 555,대치더블유타워(도시형),역삼로 555,37.505016,127.063471,우민산업개발(주),149,28.61,1,1
14,대치동더블유타워,역삼로 555,대치더블유타워(도시형),역삼로 555,37.505016,127.063471,우민산업개발(주),149,28.44,1,1
15,대치동더블유타워,역삼로 555,대치더블유타워(도시형),역삼로 555,37.505016,127.063471,우민산업개발(주),149,28.5,1,1
16,대치동더블유타워,역삼로 555,대치더블유타워(도시형),역삼로 555,37.505016,127.063471,우민산업개발(주),149,33.78,1,1
17,대치동더블유타워,역삼로 555,대치더블유타워(도시형),역삼로 555,37.505016,127.063471,우민산업개발(주),149,33.7,1,1
18,대치동더블유타워,역삼로 555,대치더블유타워(도시형),역삼로 555,37.505016,127.063471,우민산업개발(주),149,33.55,1,1
19,대치동더블유타워,역삼로 555,대치더블유타워(도시형),역삼로 555,37.505016,127.063471,우민산업개발(주),149,37.87,1,1
20,삼경하이빌1,도곡로2길 46,None,None,0,0,None,0,0,0,0
21,삼경하이빌2,강남대로48길 15,None,None,0,0,None,0,0,0,0
22,세곡리엔파크(4단지),헌릉로590길 88,None,None,0,0,None,0,0,0,0
23,불루밍코트,논현로71길 46,불루밍코트,논현로71길 46,37.494235,127.03599,지석공영(주),19,80.73,3,2
24,불루밍코트,논현로71길 46,불루밍코트,논현로71길 46,37.494235,127.03599,지석공영(주),19,102.87,3,2
25,불루밍코트,논현로71길 46,불루밍코트,논현로71길 46,37.494235,127.03599,지석공영(주),19,105.75,3,2
26,불루밍코트,논현로71길 46,불루밍코트,논현로71길 46,37.494235,127.03599,지석공영(주),19,120.24,3,2
27,불루밍코트,논현로71길 46,불루밍코트,논현로71길 46,37.494235,127.03599,지석공영(주),19,129.6,4,2
28,불루밍코트,논현로71길 46,불루밍코트,논현로71길 46,37.494235,127.03599,지석공영(주),19,134.19,4,2
29,불루밍코트,논현로71길 46,불루밍코트,논현로71길 46,37.494235,127.03599,지석공영(주),19,169.2,4,2
30,플래티늄1,언주로75길 24,문화하우스토리1차(주상복합),계룡로 923,36.32058,127.415466,남광토건,299,84.99,3,2
31,플래티늄1,언주로75길 24,문화하우스토리1차(주상복합),계룡로 923,36.32058,127.415466,남광토건,299,84.99,3,2
32,플래티늄1,언주로75길 24,문화하우스토리1차(주상복합),계룡로 923,36.32058,127.415466,남광토건,299,115.14,3,2
33,플래티늄1,언주로75길 24,문화하우스토리1차(주상복합),계룡로 923,36.32058,127.415466,남광토건,299,115.06,3,2
34,플래티늄1,언주로75길 24,문화하우스토리1차(주상복합),계룡로 923,36.32058,127.415466,남광토건,299,115.11,3,2
35,플래티늄1,언주로75길 24,문화하우스토리1차(주상복합),계룡로 923,36.32058,127.415466,남광토건,299,116.09,3,2
36,플래티늄1,언주로75길 24,문화하우스토리1차(주상복합),계룡로 923,36.32058,127.415466,남광토건,299,115.95,3,2
37,플래티늄1,언주로75길 24,문화하우스토리1차(주상복합),계룡로 923,36.32058,127.415466,남광토건,299,115.55,3,2
38,플래티늄1,언주로75길 24,문화하우스토리1차(주상복합),계룡로 923,36.32058,127.415466,남광토건,299,116.42,3,2
39,플래티늄1,언주로75길 24,문화하우스토리1차(주상복합),계룡로 923,36.32058,127.415466,남광토건,299,144.42,4,2
40,플래티늄1,언주로75길 24,문화하우스토리1차(주상복합),계룡로 923,36.32058,127.415466,남광토건,299,150.52,3,2
41,플래티늄1,언주로75길 24,문화하우스토리1차(주상복합),계룡로 923,36.32058,127.415466,남광토건,299,197.04,4,2
42,플래티늄1,언주로75길 24,문화하우스토리1차(주상복합),계룡로 923,36.32058,127.415466,남광토건,299,200.79,4,2
43,플래티늄1,언주로75길 24,문화하우스토리1차(주상복합),계룡로 923,36.32058,127.415466,남광토건,299,212.45,4,2
44,플래티늄1,언주로75길 24,문화하우스토리1차(주상복합),계룡로 923,36.32058,127.415466,남광토건,299,212.96,4,2
45,공무원아파트(8단지),영동대로4길 17,None,None,0,0,None,0,0,0,0
46,공무원아파트(9단지),영동대로4길 10,None,None,0,0,None,0,0,0,0
47,엘에이치강남브리즈힐,자곡로3길 45,None,None,0,0,None,0,0,0,0
48,연세7차A동,압구정로79길 61-9,None,None,0,0,None,0,0,0,0
49,연세7차B동,고덕로97길 100,None,None,0,0,None,0,0,0,0
50,강일리버파크11단지,천호대로173길 37,None,None,0,0,None,0,0,0,0
51,한일시티타워(우성아트빌),상암로5길 77,None,None,0,0,None,0,0,0,0
52,유진,삼양로 246-14,유진청하,전라북도 고창군 청룡길 20,35.440879,126.701314,유한회사 유진건설,165,84.96,3,2
53,미아에스에이치빌,공항대로 359,None,None,0,0,None,0,0,0,0
54,등촌동리본타워,공항대로 315,None,None,0,0,None,0,0,0,0
55,서울송도시니어스타워,화곡로68길 102,None,None,0,0,None,0,0,0,0
56,서울시니어스가양타워, ,"서울시니어스가양타워(실버주택,주상복합)",화곡로68길 102,37.55726,126.858843,롯데건설(주),188,28.78,2,1
57,서울시니어스가양타워, ,"서울시니어스가양타워(실버주택,주상복합)",화곡로68길 102,37.55726,126.858843,롯데건설(주),188,45.67,2,1
58,서울시니어스가양타워, ,"서울시니어스가양타워(실버주택,주상복합)",화곡로68길 102,37.55726,126.858843,롯데건설(주),188,50.01,2,1
59,서울시니어스가양타워, ,"서울시니어스가양타워(실버주택,주상복합)",화곡로68길 102,37.55726,126.858843,롯데건설(주),188,59.99,2,1
60,서울시니어스가양타워, ,"서울시니어스가양타워(실버주택,주상복합)",화곡로68길 102,37.55726,126.858843,롯데건설(주),188,47.69,3,2
61,서울시니어스가양타워, ,"서울시니어스가양타워(실버주택,주상복합)",화곡로68길 102,37.55726,126.858843,롯데건설(주),188,72.92,3,2
62,서울시니어스가양타워, ,"서울시니어스가양타워(실버주택,주상복합)",화곡로68길 102,37.55726,126.858843,롯데건설(주),188,77.41,3,2
63,서울시니어스가양타워, ,"서울시니어스가양타워(실버주택,주상복합)",화곡로68길 102,37.55726,126.858843,롯데건설(주),188,80.65,3,2
64,서울시니어스가양타워, ,"서울시니어스가양타워(실버주택,주상복합)",화곡로68길 102,37.55726,126.858843,롯데건설(주),188,81.91,3,2
65,서울시니어스가양타워, ,"서울시니어스가양타워(실버주택,주상복합)",화곡로68길 102,37.55726,126.858843,롯데건설(주),188,84.7,3,2
66,서울시니어스가양타워, ,"서울시니어스가양타워(실버주택,주상복합)",화곡로68길 102,37.55726,126.858843,롯데건설(주),188,84.73,3,2
67,서울시니어스가양타워, ,"서울시니어스가양타워(실버주택,주상복합)",화곡로68길 102,37.55726,126.858843,롯데건설(주),188,116.46,3,3
68,서울시니어스가양타워, ,"서울시니어스가양타워(실버주택,주상복합)",화곡로68길 102,37.55726,126.858843,롯데건설(주),188,116.48,3,3
69,서울시니어스가양타워, ,"서울시니어스가양타워(실버주택,주상복합)",화곡로68길 102,37.55726,126.858843,롯데건설(주),188,116.76,3,3
70,서울시니어스가양타워, ,"서울시니어스가양타워(실버주택,주상복합)",화곡로68길 102,37.55726,126.858843,롯데건설(주),188,117.54,3,3
71,새로나음,금낭화로15길 16,새로나음(도시형),금낭화로15길 16,37.574334,126.811094,(주)제원종합건설,52,14.8,1,1
72,새로나음,금낭화로15길 16,새로나음(도시형),금낭화로15길 16,37.574334,126.811094,(주)제원종합건설,52,14.8,1,1
73,새로나음,금낭화로15길 16,새로나음(도시형),금낭화로15길 16,37.574334,126.811094,(주)제원종합건설,52,30.6,1,1
74,새로나음,금낭화로15길 16,새로나음(도시형),금낭화로15길 16,37.574334,126.811094,(주)제원종합건설,52,36.77,1,1
75,유니트로,개화동로21길 49,None,None,0,0,None,0,0,0,0
76,까치타운,강서로7길 69-6,None,None,0,0,None,0,0,0,0
77,동서3호(381-22),강서로29길 42,None,None,0,0,None,0,0,0,0
78,블루힐(343-56),강서로 43-13,None,None,0,0,None,0,0,0,0
79,세교예지안,월정로20길 68-10,세교예지안(도시형),월정로20길 68-10,37.529402,126.842376,-,26,18.07,1,1
80,세교예지안,월정로20길 68-10,세교예지안(도시형),월정로20길 68-10,37.529402,126.842376,-,26,18.63,1,1
81,세교예지안,월정로20길 68-10,세교예지안(도시형),월정로20길 68-10,37.529402,126.842376,-,26,19.43,1,1
82,세교예지안,월정로20길 68-10,세교예지안(도시형),월정로20길 68-10,37.529402,126.842376,-,26,18.07,1,1
83,세교예지안,월정로20길 68-10,세교예지안(도시형),월정로20길 68-10,37.529402,126.842376,-,26,18.63,1,1
84,세교예지안,월정로20길 68-10,세교예지안(도시형),월정로20길 68-10,37.529402,126.842376,-,26,19.43,1,1
85,아델리아ll,까치산로11길 16,아델리아ll,까치산로11길 16,37.545406,126.846202,오성종합건설(주),6,37.31,1,1
86,아델리아ll,까치산로11길 16,아델리아ll,까치산로11길 16,37.545406,126.846202,오성종합건설(주),6,41.33,1,1
87,아델리아ll,까치산로11길 16,아델리아ll,까치산로11길 16,37.545406,126.846202,오성종합건설(주),6,49.63,1,1
88,아델리아ll,까치산로11길 16,아델리아ll,까치산로11길 16,37.545406,126.846202,오성종합건설(주),6,37.31,1,1
89,아델리아ll,까치산로11길 16,아델리아ll,까치산로11길 16,37.545406,126.846202,오성종합건설(주),6,41.33,1,1
90,아델리아ll,까치산로11길 16,아델리아ll,까치산로11길 16,37.545406,126.846202,오성종합건설(주),6,49.63,1,1
91,아델리아Ⅰ,까치산로11길 12,None,None,0,0,None,0,0,0,0
92,아델리아Ⅲ,까치산로11길 20,None,None,0,0,None,0,0,0,0
93,아델리아Ⅳ,까치산로11길 22,아델리아Ⅳ,까치산로11길 22,37.545575,126.845916,오성종합건설(주),8,21.45,1,1
94,아델리아Ⅳ,까치산로11길 22,아델리아Ⅳ,까치산로11길 22,37.545575,126.845916,오성종합건설(주),8,23.28,1,1
95,아델리아Ⅳ,까치산로11길 22,아델리아Ⅳ,까치산로11길 22,37.545575,126.845916,오성종합건설(주),8,41.28,1,1
96,아델리아Ⅳ,까치산로11길 22,아델리아Ⅳ,까치산로11길 22,37.545575,126.845916,오성종합건설(주),8,46.32,1,1
97,아델리아Ⅳ,까치산로11길 22,아델리아Ⅳ,까치산로11길 22,37.545575,126.845916,오성종합건설(주),8,21.45,1,1
98,아델리아Ⅳ,까치산로11길 22,아델리아Ⅳ,까치산로11길 22,37.545575,126.845916,오성종합건설(주),8,23.28,1,1
99,아델리아Ⅳ,까치산로11길 22,아델리아Ⅳ,까치산로11길 22,37.545575,126.845916,오성종합건설(주),8,41.28,1,1
100,아델리아Ⅳ,까치산로11길 22,아델리아Ⅳ,까치산로11길 22,37.545575,126.845916,오성종합건설(주),8,46.32,1,1
101,원타워(343-43),곰달래로 121,None,None,0,0,None,0,0,0,0
102,유진아파트(938-24),곰달래로 62,None,None,0,0,None,0,0,0,0
103,한경빌(938-26),곰달래로 64-1,None,None,0,0,None,0,0,0,0
104,한나일프레이즈,우장산로15길 12,한나일프레이즈,우장산로15길 12,37.553579,126.850518,조원건설(주),12,28.3,1,1
105,한나일프레이즈,우장산로15길 12,한나일프레이즈,우장산로15길 12,37.553579,126.850518,조원건설(주),12,28.3,1,1
106,행복타운(926-10),강서로7길 97,None,None,0,0,None,0,0,0,0
107,행복타운2(914-17),강서로5나길 64-1,None,None,0,0,None,0,0,0,0
108,골드하임,관악로6길 54,골드하임(도시형),관악로6길 54,37.476515,126.953614,(주)관전종합건설,41,17.8,1,1
109,골드하임,관악로6길 54,골드하임(도시형),관악로6길 54,37.476515,126.953614,(주)관전종합건설,41,18.75,1,1
110,골드하임,관악로6길 54,골드하임(도시형),관악로6길 54,37.476515,126.953614,(주)관전종합건설,41,19.9,1,1
111,골드하임,관악로6길 54,골드하임(도시형),관악로6길 54,37.476515,126.953614,(주)관전종합건설,41,21.2,1,1
112,골드하임,관악로6길 54,골드하임(도시형),관악로6길 54,37.476515,126.953614,(주)관전종합건설,41,21.97,1,1
113,골드하임,관악로6길 54,골드하임(도시형),관악로6길 54,37.476515,126.953614,(주)관전종합건설,41,24.2,1,1
114,골드하임,관악로6길 54,골드하임(도시형),관악로6길 54,37.476515,126.953614,(주)관전종합건설,41,25.08,1,1
115,골드하임,관악로6길 54,골드하임(도시형),관악로6길 54,37.476515,126.953614,(주)관전종합건설,41,17.8,1,1
116,골드하임,관악로6길 54,골드하임(도시형),관악로6길 54,37.476515,126.953614,(주)관전종합건설,41,18.75,1,1
117,골드하임,관악로6길 54,골드하임(도시형),관악로6길 54,37.476515,126.953614,(주)관전종합건설,41,19.9,1,1
118,골드하임,관악로6길 54,골드하임(도시형),관악로6길 54,37.476515,126.953614,(주)관전종합건설,41,21.2,1,1
119,골드하임,관악로6길 54,골드하임(도시형),관악로6길 54,37.476515,126.953614,(주)관전종합건설,41,21.97,1,1
120,골드하임,관악로6길 54,골드하임(도시형),관악로6길 54,37.476515,126.953614,(주)관전종합건설,41,24.2,1,1
121,골드하임,관악로6길 54,골드하임(도시형),관악로6길 54,37.476515,126.953614,(주)관전종합건설,41,25.08,1,1
122,골드하임,관악로6길 54,골드하임(도시형),관악로6길 54,37.476515,126.953614,(주)관전종합건설,41,35.96,2,1
123,골드하임,관악로6길 54,골드하임(도시형),관악로6길 54,37.476515,126.953614,(주)관전종합건설,41,42.76,3,1
124,골드하임,관악로6길 54,골드하임(도시형),관악로6길 54,37.476515,126.953614,(주)관전종합건설,41,48.88,3,2
125,골드하임,관악로6길 54,골드하임(도시형),관악로6길 54,37.476515,126.953614,(주)관전종합건설,41,117.46,5,3
126,은천아이비테라스,봉천로33길 8,은천아이비테라스(도시형),봉천로33길 8,37.483599,126.943868,(주)삼락종합건설,42,17.8,1,1
127,은천아이비테라스,봉천로33길 8,은천아이비테라스(도시형),봉천로33길 8,37.483599,126.943868,(주)삼락종합건설,42,20.44,1,1
128,은천아이비테라스,봉천로33길 8,은천아이비테라스(도시형),봉천로33길 8,37.483599,126.943868,(주)삼락종합건설,42,20.47,1,1
129,은천아이비테라스,봉천로33길 8,은천아이비테라스(도시형),봉천로33길 8,37.483599,126.943868,(주)삼락종합건설,42,21.2,1,1
130,은천아이비테라스,봉천로33길 8,은천아이비테라스(도시형),봉천로33길 8,37.483599,126.943868,(주)삼락종합건설,42,22.05,1,1
131,은천아이비테라스,봉천로33길 8,은천아이비테라스(도시형),봉천로33길 8,37.483599,126.943868,(주)삼락종합건설,42,23.32,1,1
132,은천아이비테라스,봉천로33길 8,은천아이비테라스(도시형),봉천로33길 8,37.483599,126.943868,(주)삼락종합건설,42,23.51,1,1
133,은천아이비테라스,봉천로33길 8,은천아이비테라스(도시형),봉천로33길 8,37.483599,126.943868,(주)삼락종합건설,42,22.85,1,1
134,은천아이비테라스,봉천로33길 8,은천아이비테라스(도시형),봉천로33길 8,37.483599,126.943868,(주)삼락종합건설,42,23.7,1,1
135,은천아이비테라스,봉천로33길 8,은천아이비테라스(도시형),봉천로33길 8,37.483599,126.943868,(주)삼락종합건설,42,23.95,1,1
136,은천아이비테라스,봉천로33길 8,은천아이비테라스(도시형),봉천로33길 8,37.483599,126.943868,(주)삼락종합건설,42,25.58,1,1
137,은천아이비테라스,봉천로33길 8,은천아이비테라스(도시형),봉천로33길 8,37.483599,126.943868,(주)삼락종합건설,42,26.63,1,1
138,은천아이비테라스,봉천로33길 8,은천아이비테라스(도시형),봉천로33길 8,37.483599,126.943868,(주)삼락종합건설,42,27.12,2,1
139,은천아이비테라스,봉천로33길 8,은천아이비테라스(도시형),봉천로33길 8,37.483599,126.943868,(주)삼락종합건설,42,27.67,2,1
140,은천아이비테라스,봉천로33길 8,은천아이비테라스(도시형),봉천로33길 8,37.483599,126.943868,(주)삼락종합건설,42,32.73,2,1
141,YJ빌딩,신림로65길 15-2,None,None,0,0,None,0,0,0,0
142,도안스위트빌,봉천로14길 17,None,None,0,0,None,0,0,0,0
143,보라매팰리스,신림로65길 22-14,보라매팰리스,신림로65길 22-14,37.485665,126.928254,아이디경인(주),12,19.04,1,1
144,보라매팰리스,신림로65길 22-14,보라매팰리스,신림로65길 22-14,37.485665,126.928254,아이디경인(주),12,20.96,1,1
145,보라매팰리스,신림로65길 22-14,보라매팰리스,신림로65길 22-14,37.485665,126.928254,아이디경인(주),12,19.04,1,1
146,보라매팰리스,신림로65길 22-14,보라매팰리스,신림로65길 22-14,37.485665,126.928254,아이디경인(주),12,20.96,1,1
147,쎄븐스에비뉴,신림동길 30,None,None,0,0,None,0,0,0,0
148,의함빌딩,난곡로 195,None,None,0,0,None,0,0,0,0
149,자이바움,신림동3길 1,None,None,0,0,None,0,0,0,0
150,리치캐슬,자양로 325,리치캐슬,자양로 325,37.554344,127.094069,재성건설주식회사,14,59.87,3,2
151,리치캐슬,자양로 325,리치캐슬,자양로 325,37.554344,127.094069,재성건설주식회사,14,69.87,3,2
152,리치캐슬,자양로 325,리치캐슬,자양로 325,37.554344,127.094069,재성건설주식회사,14,59.87,3,2
153,리치캐슬,자양로 325,리치캐슬,자양로 325,37.554344,127.094069,재성건설주식회사,14,69.87,3,2
154,라이프플러스,중앙로 85,라이프플러스(도시형),중앙로 85,37.505252,126.860608,지앤지산업개발,149,14.39,1,1
155,라이프플러스,중앙로 85,라이프플러스(도시형),중앙로 85,37.505252,126.860608,지앤지산업개발,149,14.92,1,1
156,라이프플러스,중앙로 85,라이프플러스(도시형),중앙로 85,37.505252,126.860608,지앤지산업개발,149,15.45,1,1
157,라이프플러스,중앙로 85,라이프플러스(도시형),중앙로 85,37.505252,126.860608,지앤지산업개발,149,17.57,1,1
158,라이프플러스,중앙로 85,라이프플러스(도시형),중앙로 85,37.505252,126.860608,지앤지산업개발,149,28.78,1,1
159,라이프플러스,중앙로 85,라이프플러스(도시형),중앙로 85,37.505252,126.860608,지앤지산업개발,149,29.84,1,1
160,라이프플러스,중앙로 85,라이프플러스(도시형),중앙로 85,37.505252,126.860608,지앤지산업개발,149,30.28,1,1
161,라이프플러스,중앙로 85,라이프플러스(도시형),중앙로 85,37.505252,126.860608,지앤지산업개발,149,30.87,1,1
162,라이프플러스,중앙로 85,라이프플러스(도시형),중앙로 85,37.505252,126.860608,지앤지산업개발,149,33.52,1,1
163,(738-118),구로동로18길 20-7,None,None,0,0,None,0,0,0,0
164,(739-6),구로동로12길 33,None,None,0,0,None,0,0,0,0
165,(742-62),구로동로22길 55,None,None,0,0,None,0,0,0,0
166,(749-40),구로동로20길 58-13,None,None,0,0,None,0,0,0,0
167,(770-19),구로동로22길 88-8,None,None,0,0,None,0,0,0,0
168,(770-47),구로동로20길 71,None,None,0,0,None,0,0,0,0
169,(771-16),도림로 33-8,None,None,0,0,None,0,0,0,0
170,(771-6),구로동로20길 70,None,None,0,0,None,0,0,0,0
171,(780-46),도림로12길 11-7,None,None,0,0,None,0,0,0,0
172,(791-44),도림로10길 35,None,None,0,0,None,0,0,0,0
173,(794-32),도림로10길 4,None,None,0,0,None,0,0,0,0
174,(794-46),도림로8길 5,None,None,0,0,None,0,0,0,0
175,(796-56),도림로6길 37,None,None,0,0,None,0,0,0,0
176,(807-1),구로동로8길 17,하이츠빌리지(807-10),초량로40번길 14-3,35.120899,129.037374,주식회사미도종합건설,12,68.59,3,1
177,(807-1),구로동로8길 17,하이츠빌리지(807-10),초량로40번길 14-3,35.120899,129.037374,주식회사미도종합건설,12,71.33,3,2
178,(807-1),구로동로8길 17,하이츠빌리지(807-10),초량로40번길 14-3,35.120899,129.037374,주식회사미도종합건설,12,75.08,3,2
179,(807-1),구로동로8길 17,하이츠빌리지(807-10),초량로40번길 14-3,35.120899,129.037374,주식회사미도종합건설,12,79.86,3,2
180,구로두산(201동),도림로 59,None,None,0,0,None,0,0,0,0
181,대영B동,도림로8길 20,None,None,0,0,None,0,0,0,0
182,성지아파트(749-34),구로동로18길 53-3,None,None,0,0,None,0,0,0,0
183,공릉아파트,화랑로51길 81,None,None,0,0,None,0,0,0,0
184,드림파크,동일로174길 36,사동2지구화성파크드림,경상북도 경산시 삼성현로91길 45,35.810993,128.752858,화성산업(주),505,104.27,4,2
185,드림파크,동일로174길 36,사동2지구화성파크드림,경상북도 경산시 삼성현로91길 45,35.810993,128.752858,화성산업(주),505,103.21,4,2
186,드림파크,동일로174길 36,사동2지구화성파크드림,경상북도 경산시 삼성현로91길 45,35.810993,128.752858,화성산업(주),505,104.27,4,2
187,드림파크,동일로174길 36,사동2지구화성파크드림,경상북도 경산시 삼성현로91길 45,35.810993,128.752858,화성산업(주),505,119.05,4,2
188,드림파크,동일로174길 36,사동2지구화성파크드림,경상북도 경산시 삼성현로91길 45,35.810993,128.752858,화성산업(주),505,119.05,4,2
189,드림파크,동일로174길 36,사동2지구화성파크드림,경상북도 경산시 삼성현로91길 45,35.810993,128.752858,화성산업(주),505,120.35,4,2
190,드림파크,동일로174길 36,사동2지구화성파크드림,경상북도 경산시 삼성현로91길 45,35.810993,128.752858,화성산업(주),505,120.35,4,2
191,드림파크,동일로174길 36,사동2지구화성파크드림,경상북도 경산시 삼성현로91길 45,35.810993,128.752858,화성산업(주),505,119.05,4,2
192,드림파크,동일로174길 36,사동2지구화성파크드림,경상북도 경산시 삼성현로91길 45,35.810993,128.752858,화성산업(주),505,119.05,4,2
193,드림파크,동일로174길 36,사동2지구화성파크드림,경상북도 경산시 삼성현로91길 45,35.810993,128.752858,화성산업(주),505,130.63,4,2
194,동아불암(1286-0),덕릉로112길 13,None,None,0,0,None,0,0,0,0
195,은빛3단지,동일로250길 17,None,None,0,0,None,0,0,0,0
196,사슴1,월계로 372,None,None,0,0,None,0,0,0,0
197,청백(774),초안산로 89,None,None,0,0,None,0,0,0,0
198,학여울청구117동(355),동일로207길 186,None,None,0,0,None,0,0,0,0
199,하이브빌2,도봉로110나길 9,None,None,0,0,None,0,0,0,0
200,우정B(344-6),장한로26나길 10,None,None,0,0,None,0,0,0,0
201,정암(363-11),장한로26가길 106,None,None,0,0,None,0,0,0,0
202,한마음,장한로23길 11-9,국제한마음타운,호계본동로 38,35.264285,128.521747,국제토건(주),493,61.3,2,1
203,한마음,장한로23길 11-9,국제한마음타운,호계본동로 38,35.264285,128.521747,국제토건(주),493,61.05,2,1
204,한마음,장한로23길 11-9,국제한마음타운,호계본동로 38,35.264285,128.521747,국제토건(주),493,64.21,2,1
205,한마음,장한로23길 11-9,국제한마음타운,호계본동로 38,35.264285,128.521747,국제토건(주),493,64.87,2,1
206,한마음,장한로23길 11-9,국제한마음타운,호계본동로 38,35.264285,128.521747,국제토건(주),493,71.38,3,1
207,한마음,장한로23길 11-9,국제한마음타운,호계본동로 38,35.264285,128.521747,국제토건(주),493,84.96,3,2
208,한마음,장한로23길 11-9,국제한마음타운,호계본동로 38,35.264285,128.521747,국제토건(주),493,91.74,3,2
209,CNHHome,전농로 217-15,None,None,0,0,None,0,0,0,0
210,와이시티휘경,한천로 235,None,None,0,0,None,0,0,0,0
211,필하우스(OH빌딩),장승배기로28길 19,None,None,0,0,None,0,0,0,0
212,해맑은,남부순환로255나길 18,해맑은,남부순환로255나길 18,37.477558,126.972327,서해종합건설(주),10,41.25,2,1
213,해맑은,남부순환로255나길 18,해맑은,남부순환로255나길 18,37.477558,126.972327,서해종합건설(주),10,47.85,2,1
214,해맑은,남부순환로255나길 18,해맑은,남부순환로255나길 18,37.477558,126.972327,서해종합건설(주),10,63.57,2,1
215,해맑은,남부순환로255나길 18,해맑은,남부순환로255나길 18,37.477558,126.972327,서해종합건설(주),10,64.49,3,1
216,해맑은,남부순환로255나길 18,해맑은,남부순환로255나길 18,37.477558,126.972327,서해종합건설(주),10,82.89,3,2
217,해맑은,남부순환로255나길 18,해맑은,남부순환로255나길 18,37.477558,126.972327,서해종합건설(주),10,84.15,3,2
218,해맑은,남부순환로255나길 18,해맑은,남부순환로255나길 18,37.477558,126.972327,서해종합건설(주),10,41.25,2,1
219,해맑은,남부순환로255나길 18,해맑은,남부순환로255나길 18,37.477558,126.972327,서해종합건설(주),10,47.85,2,1
220,해맑은,남부순환로255나길 18,해맑은,남부순환로255나길 18,37.477558,126.972327,서해종합건설(주),10,63.57,2,1
221,해맑은,남부순환로255나길 18,해맑은,남부순환로255나길 18,37.477558,126.972327,서해종합건설(주),10,64.49,3,1
222,해맑은,남부순환로255나길 18,해맑은,남부순환로255나길 18,37.477558,126.972327,서해종합건설(주),10,82.89,3,2
223,해맑은,남부순환로255나길 18,해맑은,남부순환로255나길 18,37.477558,126.972327,서해종합건설(주),10,84.15,3,2
224,상도현진에버빌,상도로41다길 23,상도현진에버빌(도시형),상도로41다길 23,37.503057,126.951235,(주)현진,76,12.1,1,1
225,상도현진에버빌,상도로41다길 23,상도현진에버빌(도시형),상도로41다길 23,37.503057,126.951235,(주)현진,76,13.18,1,1
226,상도현진에버빌,상도로41다길 23,상도현진에버빌(도시형),상도로41다길 23,37.503057,126.951235,(주)현진,76,13.87,1,1
227,상도현진에버빌,상도로41다길 23,상도현진에버빌(도시형),상도로41다길 23,37.503057,126.951235,(주)현진,76,13.98,1,1
228,상도현진에버빌,상도로41다길 23,상도현진에버빌(도시형),상도로41다길 23,37.503057,126.951235,(주)현진,76,14.48,1,1
229,상도현진에버빌,상도로41다길 23,상도현진에버빌(도시형),상도로41다길 23,37.503057,126.951235,(주)현진,76,14.92,1,1
230,상도현진에버빌,상도로41다길 23,상도현진에버빌(도시형),상도로41다길 23,37.503057,126.951235,(주)현진,76,19.87,1,1
231,상도현진에버빌,상도로41다길 23,상도현진에버빌(도시형),상도로41다길 23,37.503057,126.951235,(주)현진,76,31.26,1,1
232,강남아파트,상도로 357,None,None,0,0,None,0,0,0,0
233,현대빌라,효창원로95길 35,현대(43-1),선릉로132길 42,37.518399,127.044605,-,19,148.77,4,2
234,현대빌라,효창원로95길 35,현대(43-1),선릉로132길 42,37.518399,127.044605,-,19,117.93,4,2
235,현대빌라,효창원로95길 35,현대(43-1),선릉로132길 42,37.518399,127.044605,-,19,145.05,4,2
236,현대빌라,효창원로95길 35,현대(43-1),선릉로132길 42,37.518399,127.044605,-,19,145.1,4,2
237,사제강빌,토정로11길 47-1,None,None,0,0,None,0,0,0,0
238,상암월드컵파크1단지,월드컵북로47길 8,상암월드컵파크11단지,월드컵북로 502-37,37.587695,126.881261,한신공영(주),588,84.89,3,2
239,상암월드컵파크1단지,월드컵북로47길 8,상암월드컵파크11단지,월드컵북로 502-37,37.587695,126.881261,한신공영(주),588,84.66,3,2
240,상암월드컵파크8단지,월드컵로42길 12,None,None,0,0,None,0,0,0,0
241,노블에비뉴,월드컵로30길 12,노블에비뉴(도시형),월드컵로30길 12,37.56126,126.906365,우성산업개발 (주),70,30.01,1,1
242,노블에비뉴,월드컵로30길 12,노블에비뉴(도시형),월드컵로30길 12,37.56126,126.906365,우성산업개발 (주),70,30.12,1,1
243,노블에비뉴,월드컵로30길 12,노블에비뉴(도시형),월드컵로30길 12,37.56126,126.906365,우성산업개발 (주),70,31.72,1,1
244,노블에비뉴,월드컵로30길 12,노블에비뉴(도시형),월드컵로30길 12,37.56126,126.906365,우성산업개발 (주),70,32.61,1,1
245,노블에비뉴,월드컵로30길 12,노블에비뉴(도시형),월드컵로30길 12,37.56126,126.906365,우성산업개발 (주),70,32.89,1,1
246,노블에비뉴,월드컵로30길 12,노블에비뉴(도시형),월드컵로30길 12,37.56126,126.906365,우성산업개발 (주),70,33.96,1,1
247,노블에비뉴,월드컵로30길 12,노블에비뉴(도시형),월드컵로30길 12,37.56126,126.906365,우성산업개발 (주),70,33.93,1,1
248,노블에비뉴,월드컵로30길 12,노블에비뉴(도시형),월드컵로30길 12,37.56126,126.906365,우성산업개발 (주),70,33.52,1,1
249,노블에비뉴,월드컵로30길 12,노블에비뉴(도시형),월드컵로30길 12,37.56126,126.906365,우성산업개발 (주),70,43.66,1,1
250,신공덕2차삼성래미안(208동),만리재로 74,None,None,0,0,None,0,0,0,0
251,돈의문센트레빌(215),독립문로14길 33,None,None,0,0,None,0,0,0,0
252,덕운포레스트힐,증가로 54,None,None,0,0,None,0,0,0,0
253,독립문극동(201-0),성산로 695,None,None,0,0,None,0,0,0,0
254,유진맨션,홍은중앙로 13,유진맨션,모라로 40,35.190443,128.986208,-,90,59.94,3,1
255,유진맨션,홍은중앙로 13,유진맨션,모라로 40,35.190443,128.986208,-,90,61.56,3,1
256,유진맨션,홍은중앙로 13,유진맨션,모라로 40,35.190443,128.986208,-,90,62.64,3,1
257,유진맨션,홍은중앙로 13,유진맨션,모라로 40,35.190443,128.986208,-,90,64.62,3,1
258,홍제원현대(459-1),통일로34길 43,None,None,0,0,None,0,0,0,0
259,SUITEHILL,사임당로8길 29,None,None,0,0,None,0,0,0,0
260,양재리본타워,남부순환로347길 21-16,None,None,0,0,None,0,0,0,0
261,양재리본타워2단지,바우뫼로18길 20,None,None,0,0,None,0,0,0,0
262,서초네이처힐5단지,매헌로16길 40,None,None,0,0,None,0,0,0,0
263,엘에이치서초3단지,태봉로2길 5,None,None,0,0,None,0,0,0,0
264,엘에이치서초5단지,양재대로2길 34,None,None,0,0,None,0,0,0,0
265,세인트빌(49-31),양재대로2길 11,None,None,0,0,None,0,0,0,0
266,마장에스에이치빌,왕십리로24가길 5,None,None,0,0,None,0,0,0,0
267,홀스케슬,마조로15가길 23,None,None,0,0,None,0,0,0,0
268,드레곤힐,마조로18길 25,드레곤힐(도시형),천호대로 298,37.565928,127.053472,한양개발(주),91,19.7,1,1
269,드레곤힐,마조로18길 25,드레곤힐(도시형),천호대로 298,37.565928,127.053472,한양개발(주),91,19.99,1,1
270,드레곤힐,마조로18길 25,드레곤힐(도시형),천호대로 298,37.565928,127.053472,한양개발(주),91,19.75,1,1
271,드레곤힐,마조로18길 25,드레곤힐(도시형),천호대로 298,37.565928,127.053472,한양개발(주),91,19.99,1,1
272,드레곤힐,마조로18길 25,드레곤힐(도시형),천호대로 298,37.565928,127.053472,한양개발(주),91,20.6,1,1
273,드레곤힐,마조로18길 25,드레곤힐(도시형),천호대로 298,37.565928,127.053472,한양개발(주),91,20.37,1,1
274,드레곤힐,마조로18길 25,드레곤힐(도시형),천호대로 298,37.565928,127.053472,한양개발(주),91,26.97,1,1
275,왕십리모노퍼스주상복합,천호대로 298,None,None,0,0,None,0,0,0,0
276,서울숲행당푸르지오(110동),청계천로 474,None,None,0,0,None,0,0,0,0
277,로즈힐,고산자로 175,로즈힐,석산로197번길 14,37.461509,126.714293,호인에프건설주식회사,45,59.73,3,2
278,로즈힐,고산자로 175,로즈힐,석산로197번길 14,37.461509,126.714293,호인에프건설주식회사,45,59.8,3,2
279,삼선1에스에이치빌,동소문로17길 18,None,None,0,0,None,0,0,0,0
280,래미안석관,보문로29다길 25-9,래미안석관,화랑로 214,37.608303,127.054476,삼성물산(주),580,59.9,3,2
281,래미안석관,보문로29다길 25-9,래미안석관,화랑로 214,37.608303,127.054476,삼성물산(주),580,59.9,3,2
282,래미안석관,보문로29다길 25-9,래미안석관,화랑로 214,37.608303,127.054476,삼성물산(주),580,84.84,3,2
283,래미안석관,보문로29다길 25-9,래미안석관,화랑로 214,37.608303,127.054476,삼성물산(주),580,84.84,3,2
284,래미안석관,보문로29다길 25-9,래미안석관,화랑로 214,37.608303,127.054476,삼성물산(주),580,114.97,4,2
285,보보스하우스A,화랑로 214,None,None,0,0,None,0,0,0,0
286,보보스하우스B,송이로14길 16,None,None,0,0,None,0,0,0,0
287,거여3단지,송이로14길 18,현대3차,거마로 41,37.497216,127.144655,현대건설(주),303,84.83,3,2
288,거여3단지,송이로14길 18,현대3차,거마로 41,37.497216,127.144655,현대건설(주),303,84.94,3,2
289,거여6단지,양산로2길 44,None,None,0,0,None,0,0,0,0
290,목동현대아파트(931),마천로 193,None,None,0,0,None,0,0,0,0
291,목동2차우성,목동동로12길 59,목동우성2차,목동남로4길 6-23,37.507451,126.865426,주식회사 우성,1140,84.96,3,2
292,목동2차우성,목동동로12길 59,목동우성2차,목동남로4길 6-23,37.507451,126.865426,주식회사 우성,1140,113.91,4,2
293,신정도시마을주택,신정중앙로 13,None,None,0,0,None,0,0,0,0
294,양천,신정로13가길 6,None,None,0,0,None,0,0,0,0
295,학마을2,신정로7길 70,None,None,0,0,None,0,0,0,0
296,미진리버빌,버드나루로 146,미진리버빌(도시형),버드나루로 95,37.526666,126.908463,동양도시개발(주),77,19.39,1,1
297,미진리버빌,버드나루로 146,미진리버빌(도시형),버드나루로 95,37.526666,126.908463,동양도시개발(주),77,19.65,1,1
298,미진리버빌,버드나루로 146,미진리버빌(도시형),버드나루로 95,37.526666,126.908463,동양도시개발(주),77,22.23,1,1
299,조인타운,버드나루로 95,조인타운(도시형),버드나루로 89,37.526141,126.908677,보림건설주식회사,21,15.65,1,1
300,조인타운,버드나루로 95,조인타운(도시형),버드나루로 89,37.526141,126.908677,보림건설주식회사,21,18.65,1,1
301,조인타운,버드나루로 95,조인타운(도시형),버드나루로 89,37.526141,126.908677,보림건설주식회사,21,19.6,1,1
302,조인타운,버드나루로 95,조인타운(도시형),버드나루로 89,37.526141,126.908677,보림건설주식회사,21,20.07,1,1
303,조인타운,버드나루로 95,조인타운(도시형),버드나루로 89,37.526141,126.908677,보림건설주식회사,21,22.31,1,1
304,당산SHVILLE,버드나루로 89,None,None,0,0,None,0,0,0,0
305,영등포오피스텔,양평로12가길 2,None,None,0,0,None,0,0,0,0
306,금성(미공시),국회대로54길 37-13,None,None,0,0,None,0,0,0,0
307,시범(중산1차),원효로 129,중산1차시범,이촌로2가길 36,37.52915,126.95357,-,228,39.67,2,1
308,시범(중산1차),원효로 129,중산1차시범,이촌로2가길 36,37.52915,126.95357,-,228,49.59,2,1
309,시범(중산1차),원효로 129,중산1차시범,이촌로2가길 36,37.52915,126.95357,-,228,59.5,3,1
310,이촌시범,이촌로2가길 36,중산1차시범,이촌로2가길 36,37.52915,126.95357,-,228,39.67,2,1
311,이촌시범,이촌로2가길 36,중산1차시범,이촌로2가길 36,37.52915,126.95357,-,228,49.59,2,1
312,이촌시범,이촌로2가길 36,중산1차시범,이촌로2가길 36,37.52915,126.95357,-,228,59.5,3,1
313,중앙하이츠(B),이촌로14길 11-6,잠원중앙하이츠(B동),잠원로3길 20,37.51006,127.004806,중앙건설,126,59.93,3,1
314,중앙하이츠(B),이촌로14길 11-6,잠원중앙하이츠(B동),잠원로3길 20,37.51006,127.004806,중앙건설,126,75.44,3,2
315,H빌딩,이촌로14길 16,None,None,0,0,None,0,0,0,0
316,디와이빌,이촌로84길 9-12,None,None,0,0,None,0,0,0,0
317,불광SH빌,소월로 377,None,None,0,0,None,0,0,0,0
318,화림빌딩(23-10),통일로77길 4,None,None,0,0,None,0,0,0,0
319,은평뉴타운구파발10단지(장기전세),불광로 25-1,None,None,0,0,None,0,0,0,0
320,은평뉴타운상림마을(현대아이파크B-9),불광로2길 46,None,None,0,0,None,0,0,0,0
321,COZY빌딩,증산로 463,None,None,0,0,None,0,0,0,0
322,숭인동101동(제3호)(569-0),진관3로 15-35,None,None,0,0,None,0,0,0,0
323,(340-127),진관4로 78-8,None,None,0,0,None,0,0,0,0
324,(340-45),종로56길 42-8,None,None,0,0,None,0,0,0,0
325,(432-2001),숭인동2길 53,None,None,0,0,None,0,0,0,0
326,서제빌딩,다산로14길 17,None,None,0,0,None,0,0,0,0
327,리하우스(LEEHAUS),다산로18길 16,None,None,0,0,None,0,0,0,0
328,청계우성아트윈,서소문로6길 21,청계우성아트윈(주상복합),난계로17길 20-21,37.569874,127.022252,주식회사신원개발,15,16.1,1,1
329,청계우성아트윈,서소문로6길 21,청계우성아트윈(주상복합),난계로17길 20-21,37.569874,127.022252,주식회사신원개발,15,17.01,1,1
330,청계우성아트윈,서소문로6길 21,청계우성아트윈(주상복합),난계로17길 20-21,37.569874,127.022252,주식회사신원개발,15,37.52,1,1
331,묵동리본타워,마장로9길 33,None,None,0,0,None,0,0,0,0
332,레지던스아침,난계로21길 37,None,None,0,0,None,0,0,0,0
333,베스트엘리시온,난계로17길 20-21,None,None,0,0,None,0,0,0,0
334,동성2,신내로 277,동성2차(21-5),신촌로 43,35.206063,128.627984,동성개발,130,84.65,3,1
335,동성2,신내로 277,동성2차(21-5),신촌로 43,35.206063,128.627984,동성개발,130,126.24,4,2
336,동성2,신내로 277,동성2차(21-5),신촌로 43,35.206063,128.627984,동성개발,130,158.76,5,2
337,신내동의료안심주택,중랑천로 72,None,None,0,0,None,0,0,0,0
338,대치동959-33도시형생활주택,망우로36길 38,None,None,0,0,None,0,0,0,0
339,도곡현대힐스테이트103동,신내로 128,None,None,0,0,None,0,0,0,0
340,하니움,신내로16길 33,None,None,0,0,None,0,0,0,0
341,현대썬앤빌,역삼로81길 15,현대썬앤빌601(도시형),장한로 91,37.56919,127.06937,현대비에스앤씨(주),193,17.83,1,1
342,현대썬앤빌,역삼로81길 15,현대썬앤빌601(도시형),장한로 91,37.56919,127.06937,현대비에스앤씨(주),193,18.35,1,1
343,현대썬앤빌,역삼로81길 15,현대썬앤빌601(도시형),장한로 91,37.56919,127.06937,현대비에스앤씨(주),193,24.33,1,1
344,백천이스트하임,광평로60길 32,백천이스트하임(도시형),양재대로 1500,37.53946,127.141013,신준종합건설(주),84,17.39,1,1
345,백천이스트하임,광평로60길 32,백천이스트하임(도시형),양재대로 1500,37.53946,127.141013,신준종합건설(주),84,21.44,1,1
346,동영,도산대로 225,정량동원로얄듀크,경상남도 통영시 비석1길 28,34.849728,128.429951,(주)남양개발,248,44.39,2,1
347,동영,도산대로 225,정량동원로얄듀크,경상남도 통영시 비석1길 28,34.849728,128.429951,(주)남양개발,248,50.03,3,2
348,동영,도산대로 225,정량동원로얄듀크,경상남도 통영시 비석1길 28,34.849728,128.429951,(주)남양개발,248,49.62,2,1
349,동영,도산대로 225,정량동원로얄듀크,경상남도 통영시 비석1길 28,34.849728,128.429951,(주)남양개발,248,55.55,2,1
350,동영,도산대로 225,정량동원로얄듀크,경상남도 통영시 비석1길 28,34.849728,128.429951,(주)남양개발,248,57.99,2,1
351,동영,도산대로 225,정량동원로얄듀크,경상남도 통영시 비석1길 28,34.849728,128.429951,(주)남양개발,248,59.27,3,2
352,동영,도산대로 225,정량동원로얄듀크,경상남도 통영시 비석1길 28,34.849728,128.429951,(주)남양개발,248,59.27,3,2
353,동영,도산대로 225,정량동원로얄듀크,경상남도 통영시 비석1길 28,34.849728,128.429951,(주)남양개발,248,61,3,2
354,동영,도산대로 225,정량동원로얄듀크,경상남도 통영시 비석1길 28,34.849728,128.429951,(주)남양개발,248,60.56,3,1
355,동영,도산대로 225,정량동원로얄듀크,경상남도 통영시 비석1길 28,34.849728,128.429951,(주)남양개발,248,66.24,3,2
356,동영,도산대로 225,정량동원로얄듀크,경상남도 통영시 비석1길 28,34.849728,128.429951,(주)남양개발,248,67,3,1
357,동영,도산대로 225,정량동원로얄듀크,경상남도 통영시 비석1길 28,34.849728,128.429951,(주)남양개발,248,73.67,3,2
358,MAIBAUM천호동아파트,역삼로10길 13,None,None,0,0,None,0,0,0,0
359,도시개발공사,풍성로54길 48,구학마을,학감대로49번길 15,35.136736,128.993067,일신진흥건설(주),1110,46.32,3,1
360,방화6단지,상암로41길 67,None,None,0,0,None,0,0,0,0
361,루체쓰리,개화동로21길 4,None,None,0,0,None,0,0,0,0
362,우현스카이빌(926-9),곰달래로 84-2,None,None,0,0,None,0,0,0,0
363,태민빌딩(143-40),까치산로15길 3,None,None,0,0,None,0,0,0,0
364,행복이꽃피는집,강서로7길 20-29,None,None,0,0,None,0,0,0,0
365,BELITATERRA,화곡로 176-17,None,None,0,0,None,0,0,0,0
366,주원베르빌(493-7),까치산로11길 26,None,None,0,0,None,0,0,0,0
367,(718-7),관악로15길 22,하이캐슬(1718-6),성현로 14,37.492255,126.945583,(주)인터넷종합건설,14,84.97,3,2
368,(718-7),관악로15길 22,하이캐슬(1718-6),성현로 14,37.492255,126.945583,(주)인터넷종합건설,14,85,3,2
369,(797-37),봉천로12길 65,None,None,0,0,None,0,0,0,0
370,(797-41),조원로 137-2,None,None,0,0,None,0,0,0,0
371,(798-14),구로동로15길 21-9,None,None,0,0,None,0,0,0,0
372,(800-29),디지털로27라길 6-8,None,None,0,0,None,0,0,0,0
373,대길빌라C동,디지털로27길 96,None,None,0,0,None,0,0,0,0
374,태우(806-61),도림로6길 18-4,None,None,0,0,None,0,0,0,0
375,영진힐탑,도림로6길 7,영진힐탑,문성로 14,37.476189,126.904938,(주)힐탑건설,14,39.99,2,1
376,영진힐탑,도림로6길 7,영진힐탑,문성로 14,37.476189,126.904938,(주)힐탑건설,14,84.02,3,2
377,호암빌11차,디지털로27길 124-47,None,None,0,0,None,0,0,0,0
378,남광미르빌,20,None,None,0,0,None,0,0,0,0
379,도균빌딩,구로동로8길 16,None,None,0,0,None,0,0,0,0
380,불암대림(207동),문성로 14,None,None,0,0,None,0,0,0,0
381,불암현대아파트(106동),가산로 5,None,None,0,0,None,0,0,0,0
382,꿈의숲SK뷰아파트,화랑로 415-9,꿈의숲SK뷰,월계로42길 97,37.622032,127.053592,에스케이건설(주),504,59.92,3,2
383,꿈의숲SK뷰아파트,화랑로 415-9,꿈의숲SK뷰,월계로42길 97,37.622032,127.053592,에스케이건설(주),504,59.96,3,2
384,꿈의숲SK뷰아파트,화랑로 415-9,꿈의숲SK뷰,월계로42길 97,37.622032,127.053592,에스케이건설(주),504,84.95,3,2
385,꿈의숲SK뷰아파트,화랑로 415-9,꿈의숲SK뷰,월계로42길 97,37.622032,127.053592,에스케이건설(주),504,84.95,3,2
386,꿈의숲SK뷰아파트,화랑로 415-9,꿈의숲SK뷰,월계로42길 97,37.622032,127.053592,에스케이건설(주),504,84.93,3,2
387,꿈의숲SK뷰아파트,화랑로 415-9,꿈의숲SK뷰,월계로42길 97,37.622032,127.053592,에스케이건설(주),504,84.93,3,2
388,꿈의숲SK뷰아파트,화랑로 415-9,꿈의숲SK뷰,월계로42길 97,37.622032,127.053592,에스케이건설(주),504,84.96,3,2
389,꿈의숲SK뷰아파트,화랑로 415-9,꿈의숲SK뷰,월계로42길 97,37.622032,127.053592,에스케이건설(주),504,84.96,3,2
390,사슴2,화랑로 409,None,None,0,0,None,0,0,0,0
391,새봄드림빌,섬밭로 2,None,None,0,0,None,0,0,0,0
392,목련(3단지),덕릉로94가길 41,목련3단지,평촌대로211번길 21,37.389306,126.955361,주식회사 우성건설,902,41.62,2,1
393,목련(3단지),덕릉로94가길 41,목련3단지,평촌대로211번길 21,37.389306,126.955361,주식회사 우성건설,902,50.73,2,1
394,목련(3단지),덕릉로94가길 41,목련3단지,평촌대로211번길 21,37.389306,126.955361,주식회사 우성건설,902,56.7,2,1
395,목련(3단지),덕릉로94가길 41,목련3단지,평촌대로211번길 21,37.389306,126.955361,주식회사 우성건설,902,56.7,2,1
396,학여울청구118동(356),덕릉로118길 27,None,None,0,0,None,0,0,0,0
397,리안빌딩,월계로55길 16,None,None,0,0,None,0,0,0,0
398,스톤하우스,노원로 331,스톤하우스(도시형),남부순환로 2009,37.476177,126.971858,(주)삼원디엔씨,63,28.77,2,1
399,스톤하우스,노원로 331,스톤하우스(도시형),남부순환로 2009,37.476177,126.971858,(주)삼원디엔씨,63,31.72,2,1
400,스톤하우스,노원로 331,스톤하우스(도시형),남부순환로 2009,37.476177,126.971858,(주)삼원디엔씨,63,36.99,2,1
401,대흥태영(660-0),도봉로 441,None,None,0,0,None,0,0,0,0
402,진흥하임시티,왕산로19가길 16,None,None,0,0,None,0,0,0,0
403,신공덕삼성(157-0),남부순환로 2009,None,None,0,0,None,0,0,0,0
404,교수(A),만리재옛길 101,None,None,0,0,None,0,0,0,0
405,송도그린빌C동,독막로 266,None,None,0,0,None,0,0,0,0
406,인왕산현대(460-1),성미산로 21,None,None,0,0,None,0,0,0,0
407,그랜드빌(100-8),백범로37길 6,None,None,0,0,None,0,0,0,0
408,노블하우스2,모래내로17길 71-12,노블하우스2,서래로3길 20,37.497159,126.99717,-,12,86.02,3,2
409,노블하우스2,모래내로17길 71-12,노블하우스2,서래로3길 20,37.497159,126.99717,-,12,111.68,3,2
410,노블하우스2,모래내로17길 71-12,노블하우스2,서래로3길 20,37.497159,126.99717,-,12,122.61,3,2
411,노블하우스2,모래내로17길 71-12,노블하우스2,서래로3길 20,37.497159,126.99717,-,12,145.72,4,2
412,노블하우스2,모래내로17길 71-12,노블하우스2,서래로3길 20,37.497159,126.99717,-,12,150.67,4,2
413,노블하우스2,모래내로17길 71-12,노블하우스2,서래로3길 20,37.497159,126.99717,-,12,154.66,4,2
414,노블하우스2,모래내로17길 71-12,노블하우스2,서래로3길 20,37.497159,126.99717,-,12,162.64,4,2
415,노블하우스2,모래내로17길 71-12,노블하우스2,서래로3길 20,37.497159,126.99717,-,12,164.14,4,2
416,다온빌,모래내로24길 58,다온빌(도시형),유엔평화로9번길 41,35.134363,129.09429,티앤비종합건설(주),8,55.84,3,1
417,다온빌,모래내로24길 58,다온빌(도시형),유엔평화로9번길 41,35.134363,129.09429,티앤비종합건설(주),8,57.15,3,1
418,정석빌라,통일로34길 46,None,None,0,0,None,0,0,0,0
419,618,행당로6길 2,"고양삼송우미라피아노(618,도시형)",오금1로 83,37.659314,126.90211,우미건설(주),60,84.99,3,3
420,618,행당로6길 2,"고양삼송우미라피아노(618,도시형)",오금1로 83,37.659314,126.90211,우미건설(주),60,84.99,3,3
421,883,송파대로 111,None,None,0,0,None,0,0,0,0
422,895,백제고분로33길 29-5,None,None,0,0,None,0,0,0,0
423,티오피클래식,목동중앙북로7가길 42,티오피클래식,목동중앙북로7가길 42,37.549638,126.86541,(주)효산주택개발,20,21.96,1,1
424,티오피클래식,목동중앙북로7가길 42,티오피클래식,목동중앙북로7가길 42,37.549638,126.86541,(주)효산주택개발,20,38.45,1,1
425,티오피클래식,목동중앙북로7가길 42,티오피클래식,목동중앙북로7가길 42,37.549638,126.86541,(주)효산주택개발,20,21.96,1,1
426,티오피클래식,목동중앙북로7가길 42,티오피클래식,목동중앙북로7가길 42,37.549638,126.86541,(주)효산주택개발,20,38.45,1,1
427,신트리2단지,신정로 275,None,None,0,0,None,0,0,0,0
428,브라보,버드나루로 103,브라보(도시형),버드나루로 103,37.527329,126.908177,신한건설산업주식회사,94,15.46,1,1
429,브라보,버드나루로 103,브라보(도시형),버드나루로 103,37.527329,126.908177,신한건설산업주식회사,94,17,1,1
430,브라보,버드나루로 103,브라보(도시형),버드나루로 103,37.527329,126.908177,신한건설산업주식회사,94,18.04,1,1
431,브라보,버드나루로 103,브라보(도시형),버드나루로 103,37.527329,126.908177,신한건설산업주식회사,94,19.56,1,1
432,브라보,버드나루로 103,브라보(도시형),버드나루로 103,37.527329,126.908177,신한건설산업주식회사,94,26.58,1,1
433,브라보,버드나루로 103,브라보(도시형),버드나루로 103,37.527329,126.908177,신한건설산업주식회사,94,32.28,1,1
434,브라보,버드나루로 103,브라보(도시형),버드나루로 103,37.527329,126.908177,신한건설산업주식회사,94,33.76,1,1
435,양평역미소지움,양산로 11,양평역미소지움(민간임대),양산로 11,37.526162,126.884694,에스지신성건설주식회사,128,37.8,2,1
436,양평역미소지움,양산로 11,양평역미소지움(민간임대),양산로 11,37.526162,126.884694,에스지신성건설주식회사,128,59.46,3,2
437,양평역미소지움,양산로 11,양평역미소지움(민간임대),양산로 11,37.526162,126.884694,에스지신성건설주식회사,128,59.34,3,2
438,양평역미소지움,양산로 11,양평역미소지움(민간임대),양산로 11,37.526162,126.884694,에스지신성건설주식회사,128,59.16,3,2
439,"골든힐A,B동",국회대로56길 4,None,None,0,0,None,0,0,0,0
440,영화타워,통일로 745-3,영화타워(도시형),통일로 745-3,37.611608,126.928283,신복종합건설(주),29,12,1,1
441,영화타워,통일로 745-3,영화타워(도시형),통일로 745-3,37.611608,126.928283,신복종합건설(주),29,12.04,1,1
442,영화타워,통일로 745-3,영화타워(도시형),통일로 745-3,37.611608,126.928283,신복종합건설(주),29,20.68,1,1
443,영화타워,통일로 745-3,영화타워(도시형),통일로 745-3,37.611608,126.928283,신복종합건설(주),29,12,1,1
444,영화타워,통일로 745-3,영화타워(도시형),통일로 745-3,37.611608,126.928283,신복종합건설(주),29,12.04,1,1
445,영화타워,통일로 745-3,영화타워(도시형),통일로 745-3,37.611608,126.928283,신복종합건설(주),29,20.68,1,1
446,동부그린A,가좌로9길 8,None,None,0,0,None,0,0,0,0
447,월드빌(120-9),응암로21가길 23-1,None,None,0,0,None,0,0,0,0
448,방산(5-102),성균관로17길 35,None,None,0,0,None,0,0,0,0
449,하늘드리움2차,난계로11길 36,하늘드리움2차(주상복합),난계로11길 36,37.56672,127.021986,(주)세아씨앤씨,16,29.22,1,1
450,하늘드리움2차,난계로11길 36,하늘드리움2차(주상복합),난계로11길 36,37.56672,127.021986,(주)세아씨앤씨,16,29.51,1,1
451,하늘드리움2차,난계로11길 36,하늘드리움2차(주상복합),난계로11길 36,37.56672,127.021986,(주)세아씨앤씨,16,29.22,1,1
452,하늘드리움2차,난계로11길 36,하늘드리움2차(주상복합),난계로11길 36,37.56672,127.021986,(주)세아씨앤씨,16,29.51,1,1
453,대성쉐르빌(102-97),면목로96길 34,None,None,0,0,None,0,0,0,0
454,연다울빌,중랑천로12길 42,None,None,0,0,None,0,0,0,0
455,경간재,봉은사로49길 13,None,None,0,0,None,0,0,0,0
456,광평하우스빌,도곡로11길 10,광평하우스빌,도곡로11길 10,37.491566,127.035787,-,16,22.08,1,1
457,광평하우스빌,도곡로11길 10,광평하우스빌,도곡로11길 10,37.491566,127.035787,-,16,29.28,2,1
458,광평하우스빌,도곡로11길 10,광평하우스빌,도곡로11길 10,37.491566,127.035787,-,16,31.09,2,1
459,광평하우스빌,도곡로11길 10,광평하우스빌,도곡로11길 10,37.491566,127.035787,-,16,35.68,2,1
460,광평하우스빌,도곡로11길 10,광평하우스빌,도곡로11길 10,37.491566,127.035787,-,16,36.36,2,1
461,광평하우스빌,도곡로11길 10,광평하우스빌,도곡로11길 10,37.491566,127.035787,-,16,42.13,2,1
462,광평하우스빌,도곡로11길 10,광평하우스빌,도곡로11길 10,37.491566,127.035787,-,16,41.15,2,1
463,광평하우스빌,도곡로11길 10,광평하우스빌,도곡로11길 10,37.491566,127.035787,-,16,45.3,2,1
464,오투빌(파크앤스위트),역삼로7길 13,None,None,0,0,None,0,0,0,0
465,시니어스홈,자곡로 100-2,None,None,0,0,None,0,0,0,0
466,고덕,45,고덕하늘채시그니처,경기도 평택시 효덕새싹길 55,37.021794,127.035154,코오롱글로벌(주),1884,59.94,3,2
467,고덕,45,고덕하늘채시그니처,경기도 평택시 효덕새싹길 55,37.021794,127.035154,코오롱글로벌(주),1884,59.97,3,2
468,고덕,45,고덕하늘채시그니처,경기도 평택시 효덕새싹길 55,37.021794,127.035154,코오롱글로벌(주),1884,84.7,3,2
469,K＆GTower,아리수로50길 50,None,None,0,0,None,0,0,0,0
470,가양도시개발9-1단지,성안로27길 51-14,None,None,0,0,None,0,0,0,0
471,방화9단지,허준로 224,None,None,0,0,None,0,0,0,0
472,(895-14),양천로11길 57,None,None,0,0,None,0,0,0,0
473,CJ오피스텔,청룡3길 3,씨엔제이,이문로 164,37.601085,127.062268,정민종합건설(주),71,16.01,1,1
474,CJ오피스텔,청룡3길 3,씨엔제이,이문로 164,37.601085,127.062268,정민종합건설(주),71,17.08,1,1
475,CJ오피스텔,청룡3길 3,씨엔제이,이문로 164,37.601085,127.062268,정민종합건설(주),71,27.15,1,1
476,CJ오피스텔,청룡3길 3,씨엔제이,이문로 164,37.601085,127.062268,정민종합건설(주),71,28.93,1,1
477,CJ오피스텔,청룡3길 3,씨엔제이,이문로 164,37.601085,127.062268,정민종합건설(주),71,31,1,1
478,CJ오피스텔,청룡3길 3,씨엔제이,이문로 164,37.601085,127.062268,정민종합건설(주),71,30.89,1,1
479,CJ오피스텔,청룡3길 3,씨엔제이,이문로 164,37.601085,127.062268,정민종합건설(주),71,139.75,4,2
480,KS타워,청룡7길 29,None,None,0,0,None,0,0,0,0
481,라노스,행운1나길 29,None,None,0,0,None,0,0,0,0
482,서래마을,행운1마길 4,None,None,0,0,None,0,0,0,0
483,아트리움(43-6),쑥고개로13길 18,None,None,0,0,None,0,0,0,0
484,카카오티,관악로25길 5-8,카카오티,관악로13길 20,37.479515,126.951096,-,56,21.2,1,1
485,카카오티,관악로25길 5-8,카카오티,관악로13길 20,37.479515,126.951096,-,56,25.02,1,1
486,카카오티,관악로25길 5-8,카카오티,관악로13길 20,37.479515,126.951096,-,56,35.4,1,1
487,캠브리지하우스,관악로13길 20,None,None,0,0,None,0,0,0,0
488,블루라군,관악로 115,None,None,0,0,None,0,0,0,0
489,오아후(1436-20),신림로65길 16-5,None,None,0,0,None,0,0,0,0
490,휴드림,신림동5나길 8,논산휴드림(도시형),충청남도 논산시 중앙로 448,36.203572,127.086066,(주)우원종합건설,81,28.92,1,1
491,휴드림,신림동5나길 8,논산휴드림(도시형),충청남도 논산시 중앙로 448,36.203572,127.086066,(주)우원종합건설,81,29.26,2,1
492,휴드림,신림동5나길 8,논산휴드림(도시형),충청남도 논산시 중앙로 448,36.203572,127.086066,(주)우원종합건설,81,29.09,2,1
493,휴드림,신림동5나길 8,논산휴드림(도시형),충청남도 논산시 중앙로 448,36.203572,127.086066,(주)우원종합건설,81,58.61,2,1
494,(739-18),신림로64길 46,None,None,0,0,None,0,0,0,0
495,(748-31),구로동로20길 28-5,None,None,0,0,None,0,0,0,0
496,(768-2),구로동로18길 62-16,None,None,0,0,None,0,0,0,0
497,(792-90),구로동로22길 78-7,None,None,0,0,None,0,0,0,0
498,(796-27),디지털로27라길 29-11,None,None,0,0,None,0,0,0,0
499,계영주택(807-4),도림로6길 39-6,None,None,0,0,None,0,0,0,0
500,천왕연지마을1단지,구로동로8길 13,None,None,0,0,None,0,0,0,0
501,천왕이펜하우스에스,오류로 36-13,None,None,0,0,None,0,0,0,0
502,골드캐슬(1031-22),천왕로 50,None,None,0,0,None,0,0,0,0
503,윤탁노블레스,금하로 796,윤탁노블레스(주상복합),공릉로46길 18,37.627237,127.080032,(주)윤탁종합건설,18,76.89,3,2
504,윤탁노블레스,금하로 796,윤탁노블레스(주상복합),공릉로46길 18,37.627237,127.080032,(주)윤탁종합건설,18,84.96,3,2
505,목화(4단지),공릉로46길 18,대우목화4차,봉명1길 17,36.802236,127.133255,대우건설,248,59.46,2,1
506,목화(4단지),공릉로46길 18,대우목화4차,봉명1길 17,36.802236,127.133255,대우건설,248,71.7,3,1
507,목화(4단지),공릉로46길 18,대우목화4차,봉명1길 17,36.802236,127.133255,대우건설,248,84.48,3,2
508,목화(4단지),공릉로46길 18,대우목화4차,봉명1길 17,36.802236,127.133255,대우건설,248,84.97,3,2
509,넥스젠하우스,노원로19길 31,넥스젠하우스(도시형),도봉로120길 10,37.650612,127.036668,(주)우일건설,20,12,1,1
510,넥스젠하우스,노원로19길 31,넥스젠하우스(도시형),도봉로120길 10,37.650612,127.036668,(주)우일건설,20,12.09,1,1
511,넥스젠하우스,노원로19길 31,넥스젠하우스(도시형),도봉로120길 10,37.650612,127.036668,(주)우일건설,20,12.2,1,1
512,넥스젠하우스,노원로19길 31,넥스젠하우스(도시형),도봉로120길 10,37.650612,127.036668,(주)우일건설,20,12.04,1,1
513,넥스젠하우스,노원로19길 31,넥스젠하우스(도시형),도봉로120길 10,37.650612,127.036668,(주)우일건설,20,12.16,1,1
514,넥스젠하우스,노원로19길 31,넥스젠하우스(도시형),도봉로120길 10,37.650612,127.036668,(주)우일건설,20,12.18,1,1
515,넥스젠하우스,노원로19길 31,넥스젠하우스(도시형),도봉로120길 10,37.650612,127.036668,(주)우일건설,20,12.95,1,1
516,넥스젠하우스,노원로19길 31,넥스젠하우스(도시형),도봉로120길 10,37.650612,127.036668,(주)우일건설,20,13.02,1,1
517,호신빌딩,도봉로120길 10,None,None,0,0,None,0,0,0,0
518,한성베스트빌,도봉로 496,None,None,0,0,None,0,0,0,0
519,리안,이문로 19,노블리안,구일로2길 29,37.488997,126.877358,승윤종합건설(주),98,54.84,3,2
520,리안,이문로 19,노블리안,구일로2길 29,37.488997,126.877358,승윤종합건설(주),98,54.84,3,2
521,리안,이문로 19,노블리안,구일로2길 29,37.488997,126.877358,승윤종합건설(주),98,54.84,3,2
522,리안,이문로 19,노블리안,구일로2길 29,37.488997,126.877358,승윤종합건설(주),98,58.1,3,2
523,리안,이문로 19,노블리안,구일로2길 29,37.488997,126.877358,승윤종합건설(주),98,59.25,3,2
524,신촌예스빌딩,마포대로 115-8,None,None,0,0,None,0,0,0,0
525,현대2차아파트,신촌로 140,현대2차,한글비석로15길 51,37.656203,127.07394,현대산업개발(주),313,71.76,3,1
526,현대2차아파트,신촌로 140,현대2차,한글비석로15길 51,37.656203,127.07394,현대산업개발(주),313,84.34,3,2
527,현대2차아파트,신촌로 140,현대2차,한글비석로15길 51,37.656203,127.07394,현대산업개발(주),313,84.36,3,2
528,블룸에비뉴,새창로8길 72,"블룸에비뉴(민간임대,도시형)",월드컵로30길 15,37.561272,126.906323,(주)세아씨앤씨,48,30,2,1
529,블룸에비뉴,새창로8길 72,"블룸에비뉴(민간임대,도시형)",월드컵로30길 15,37.561272,126.906323,(주)세아씨앤씨,48,30.25,2,1
530,블룸에비뉴,새창로8길 72,"블룸에비뉴(민간임대,도시형)",월드컵로30길 15,37.561272,126.906323,(주)세아씨앤씨,48,30.92,2,1
531,블룸에비뉴,새창로8길 72,"블룸에비뉴(민간임대,도시형)",월드컵로30길 15,37.561272,126.906323,(주)세아씨앤씨,48,31.09,2,1
532,지벤스타S동(392-13),월드컵로30길 15,None,None,0,0,None,0,0,0,0
533,방배아크빌아파트,54,방배아크빌,서초대로33길 52,37.491206,126.995851,(주)아침종합건설,17,181.29,5,2
534,방배아크빌아파트,54,방배아크빌,서초대로33길 52,37.491206,126.995851,(주)아침종합건설,17,195.43,5,2
535,방배아크빌아파트,54,방배아크빌,서초대로33길 52,37.491206,126.995851,(주)아침종합건설,17,197.91,5,2
536,방배아크빌아파트,54,방배아크빌,서초대로33길 52,37.491206,126.995851,(주)아침종합건설,17,212.44,5,2
537,엘프에스토740,명지길 66,None,None,0,0,None,0,0,0,0
538,서리풀월드메르디앙레브,서초대로33길 52,서리풀월드메르디앙레브,명달로11길 17-2,37.482897,127.003097,월드건설산업(주),40,59.01,3,2
539,서리풀월드메르디앙레브,서초대로33길 52,서리풀월드메르디앙레브,명달로11길 17-2,37.482897,127.003097,월드건설산업(주),40,59.04,3,2
540,서리풀월드메르디앙레브,서초대로33길 52,서리풀월드메르디앙레브,명달로11길 17-2,37.482897,127.003097,월드건설산업(주),40,59.36,3,2
541,서리풀월드메르디앙레브,서초대로33길 52,서리풀월드메르디앙레브,명달로11길 17-2,37.482897,127.003097,월드건설산업(주),40,59.4,3,2
542,서리풀월드메르디앙레브,서초대로33길 52,서리풀월드메르디앙레브,명달로11길 17-2,37.482897,127.003097,월드건설산업(주),40,59.42,3,2
543,서리풀월드메르디앙레브,서초대로33길 52,서리풀월드메르디앙레브,명달로11길 17-2,37.482897,127.003097,월드건설산업(주),40,59.01,3,2
544,서리풀월드메르디앙레브,서초대로33길 52,서리풀월드메르디앙레브,명달로11길 17-2,37.482897,127.003097,월드건설산업(주),40,59.47,3,2
545,서리풀월드메르디앙레브,서초대로33길 52,서리풀월드메르디앙레브,명달로11길 17-2,37.482897,127.003097,월드건설산업(주),40,59.06,3,2
546,J앤PVill,명달로 44,None,None,0,0,None,0,0,0,0
547,위례포레샤인23단지,왕십리로 373,None,None,0,0,None,0,0,0,0
548,월드메르디앙(324-103),개운사길 83-15,None,None,0,0,None,0,0,0,0
549,현진파크빌,백제고분로21길 7,현진파크빌(607-13),목동중앙북로7나길 41,37.549865,126.86548,(주)나윤건설,8,30.47,1,1
550,현진파크빌,백제고분로21길 7,현진파크빌(607-13),목동중앙북로7나길 41,37.549865,126.86548,(주)나윤건설,8,38.61,2,1
551,SK바움빌,위례순환로 477,None,None,0,0,None,0,0,0,0
552,리첸트,목동중앙북로7나길 41,None,None,0,0,None,0,0,0,0
553,뜰아래,경인로114길 16,뜰아래(도시형),영등포로49길 9-14,37.520261,126.909165,주식회사뜰아래,29,16.57,1,1
554,뜰아래,경인로114길 16,뜰아래(도시형),영등포로49길 9-14,37.520261,126.909165,주식회사뜰아래,29,16.97,1,1
555,뜰아래,경인로114길 16,뜰아래(도시형),영등포로49길 9-14,37.520261,126.909165,주식회사뜰아래,29,18.69,1,1
556,뜰아래,경인로114길 16,뜰아래(도시형),영등포로49길 9-14,37.520261,126.909165,주식회사뜰아래,29,20,1,1
557,뜰아래,경인로114길 16,뜰아래(도시형),영등포로49길 9-14,37.520261,126.909165,주식회사뜰아래,29,19.88,1,1
558,뜰아래,경인로114길 16,뜰아래(도시형),영등포로49길 9-14,37.520261,126.909165,주식회사뜰아래,29,21.98,1,1
559,뜰아래,경인로114길 16,뜰아래(도시형),영등포로49길 9-14,37.520261,126.909165,주식회사뜰아래,29,23.03,1,1
560,뜰아래,경인로114길 16,뜰아래(도시형),영등포로49길 9-14,37.520261,126.909165,주식회사뜰아래,29,24.6,1,1
561,DasHaus,국회대로56길 58,None,None,0,0,None,0,0,0,0
562,응암SH-VILLE,영중로38길 6,None,None,0,0,None,0,0,0,0
563,동대문상가,통일로 741-1,None,None,0,0,None,0,0,0,0
564,약수(372-2796),통일로78길 11-7,None,None,0,0,None,0,0,0,0
565,(506-14),백련산로 146-30,None,None,0,0,None,0,0,0,0
566,노도빌딩,삼일대로 446-66,None,None,0,0,None,0,0,0,0
567,(163-18),청계천로 331,None,None,0,0,None,0,0,0,0
568,(174-26),청계천로 307,None,None,0,0,None,0,0,0,0
569,e편한세상화랑대아파트,다산로 114-12,e편한세상화랑대,숙선옹주로 45,37.616439,127.082631,대림산업㈜,719,59.95,3,2
570,e편한세상화랑대아파트,다산로 114-12,e편한세상화랑대,숙선옹주로 45,37.616439,127.082631,대림산업㈜,719,59.95,3,2
571,e편한세상화랑대아파트,다산로 114-12,e편한세상화랑대,숙선옹주로 45,37.616439,127.082631,대림산업㈜,719,59.95,3,2
572,e편한세상화랑대아파트,다산로 114-12,e편한세상화랑대,숙선옹주로 45,37.616439,127.082631,대림산업㈜,719,59.93,3,2
573,e편한세상화랑대아파트,다산로 114-12,e편한세상화랑대,숙선옹주로 45,37.616439,127.082631,대림산업㈜,719,59.98,3,2
574,e편한세상화랑대아파트,다산로 114-12,e편한세상화랑대,숙선옹주로 45,37.616439,127.082631,대림산업㈜,719,59.98,3,2
575,e편한세상화랑대아파트,다산로 114-12,e편한세상화랑대,숙선옹주로 45,37.616439,127.082631,대림산업㈜,719,75.91,3,2
576,e편한세상화랑대아파트,다산로 114-12,e편한세상화랑대,숙선옹주로 45,37.616439,127.082631,대림산업㈜,719,75.71,3,2
577,e편한세상화랑대아파트,다산로 114-12,e편한세상화랑대,숙선옹주로 45,37.616439,127.082631,대림산업㈜,719,84.95,3,2
578,e편한세상화랑대아파트,다산로 114-12,e편한세상화랑대,숙선옹주로 45,37.616439,127.082631,대림산업㈜,719,84.83,3,2
579,e편한세상화랑대아파트,다산로 114-12,e편한세상화랑대,숙선옹주로 45,37.616439,127.082631,대림산업㈜,719,84.95,3,2
580,e편한세상화랑대아파트,다산로 114-12,e편한세상화랑대,숙선옹주로 45,37.616439,127.082631,대림산업㈜,719,84.83,3,2
581,e편한세상화랑대아파트,다산로 114-12,e편한세상화랑대,숙선옹주로 45,37.616439,127.082631,대림산업㈜,719,84.95,3,2
582,e편한세상화랑대아파트,다산로 114-12,e편한세상화랑대,숙선옹주로 45,37.616439,127.082631,대림산업㈜,719,84.83,3,2
583,e편한세상화랑대아파트,다산로 114-12,e편한세상화랑대,숙선옹주로 45,37.616439,127.082631,대림산업㈜,719,84.9,3,2
584,e편한세상화랑대아파트,다산로 114-12,e편한세상화랑대,숙선옹주로 45,37.616439,127.082631,대림산업㈜,719,84.91,3,2
585,e편한세상화랑대아파트,다산로 114-12,e편한세상화랑대,숙선옹주로 45,37.616439,127.082631,대림산업㈜,719,96.39,4,2
586,대성쉐르빌(102-37),상봉로26길 9,None,None,0,0,None,0,0,0,0
587,신내아파트(12단지),면목로66길 11,None,None,0,0,None,0,0,0,0
588,신내(10단지),숙선옹주로 5-3,None,None,0,0,None,0,0,0,0
589,개포더샵트리에,공릉로2가길 21,더샵트리에,개포로 311,37.484809,127.057097,우성건설,232,105.8,4,2
590,개포더샵트리에,공릉로2가길 21,더샵트리에,개포로 311,37.484809,127.057097,우성건설,232,105.82,4,2
591,개포더샵트리에,공릉로2가길 21,더샵트리에,개포로 311,37.484809,127.057097,우성건설,232,108.09,4,2
592,개포더샵트리에,공릉로2가길 21,더샵트리에,개포로 311,37.484809,127.057097,우성건설,232,108.2,4,2
593,개포더샵트리에,공릉로2가길 21,더샵트리에,개포로 311,37.484809,127.057097,우성건설,232,107.13,4,2
594,금정우리가,봉화산로 153,금정우리가,고덕로27길 7,37.555323,127.137527,(주)해동플러스,78,28.55,2,1
595,금정우리가,봉화산로 153,금정우리가,고덕로27길 7,37.555323,127.137527,(주)해동플러스,78,29.46,2,1
596,금정우리가,봉화산로 153,금정우리가,고덕로27길 7,37.555323,127.137527,(주)해동플러스,78,35.04,3,1
597,금정우리가,봉화산로 153,금정우리가,고덕로27길 7,37.555323,127.137527,(주)해동플러스,78,41.2,3,1
598,금정우리가,봉화산로 153,금정우리가,고덕로27길 7,37.555323,127.137527,(주)해동플러스,78,43.08,3,1
599,금정우리가,봉화산로 153,금정우리가,고덕로27길 7,37.555323,127.137527,(주)해동플러스,78,59.4,2,2
600,드래곤타워,신내로 115,None,None,0,0,None,0,0,0,0
601,문원Stay,개포로 311,"문원Stay(민간임대,도시형)",양천로 516,37.559867,126.856878,월드건설사업주식회사,106,15.34,1,1
602,문원Stay,개포로 311,"문원Stay(민간임대,도시형)",양천로 516,37.559867,126.856878,월드건설사업주식회사,106,16.88,1,1
603,문원Stay,개포로 311,"문원Stay(민간임대,도시형)",양천로 516,37.559867,126.856878,월드건설사업주식회사,106,23.49,1,1
604,문원Stay,개포로 311,"문원Stay(민간임대,도시형)",양천로 516,37.559867,126.856878,월드건설사업주식회사,106,30.04,1,1
605,양지샤인아파트,올림픽로62길 9-6,양지샤인(주상복합),강서로7길 20-20,37.530162,126.84606,주식회사우솔산업개발,24,20.63,2,1
606,양지샤인아파트,올림픽로62길 9-6,양지샤인(주상복합),강서로7길 20-20,37.530162,126.84606,주식회사우솔산업개발,24,20.37,2,1
607,황제팰리체,화곡로42길 19,None,None,0,0,None,0,0,0,0
608,아가토스9,강서로7길 20-20,아가토스9(도시형),관악로 110,37.474992,126.953206,대호아이피종합건설주식회사,12,21.32,1,1
609,아가토스9,강서로7길 20-20,아가토스9(도시형),관악로 110,37.474992,126.953206,대호아이피종합건설주식회사,12,21.53,1,1
610,아가토스9,강서로7길 20-20,아가토스9(도시형),관악로 110,37.474992,126.953206,대호아이피종합건설주식회사,12,23.44,1,1
611,아가토스9,강서로7길 20-20,아가토스9(도시형),관악로 110,37.474992,126.953206,대호아이피종합건설주식회사,12,23.66,1,1
612,아티크빌딩,곰달래로 84,None,None,0,0,None,0,0,0,0
613,은천로제리움,곰달래로16길 15,은천로제리움(도시형),봉천로33길 7,37.483587,126.943546,청정종합건영(주),34,13.49,1,1
614,은천로제리움,곰달래로16길 15,은천로제리움(도시형),봉천로33길 7,37.483587,126.943546,청정종합건영(주),34,16.92,1,1
615,은천로제리움,곰달래로16길 15,은천로제리움(도시형),봉천로33길 7,37.483587,126.943546,청정종합건영(주),34,19.25,1,1
616,은천로제리움,곰달래로16길 15,은천로제리움(도시형),봉천로33길 7,37.483587,126.943546,청정종합건영(주),34,22.34,1,1
617,은천로제리움,곰달래로16길 15,은천로제리움(도시형),봉천로33길 7,37.483587,126.943546,청정종합건영(주),34,22.23,1,1
618,은천로제리움,곰달래로16길 15,은천로제리움(도시형),봉천로33길 7,37.483587,126.943546,청정종합건영(주),34,23.91,1,1
619,은천로제리움,곰달래로16길 15,은천로제리움(도시형),봉천로33길 7,37.483587,126.943546,청정종합건영(주),34,27.16,1,1
620,은천로제리움,곰달래로16길 15,은천로제리움(도시형),봉천로33길 7,37.483587,126.943546,청정종합건영(주),34,28.16,1,1
621,은천로제리움,곰달래로16길 15,은천로제리움(도시형),봉천로33길 7,37.483587,126.943546,청정종합건영(주),34,30.17,1,1
622,은천로제리움,곰달래로16길 15,은천로제리움(도시형),봉천로33길 7,37.483587,126.943546,청정종합건영(주),34,30.4,1,1
623,은천로제리움,곰달래로16길 15,은천로제리움(도시형),봉천로33길 7,37.483587,126.943546,청정종합건영(주),34,34.08,1,1
624,은천로제리움,곰달래로16길 15,은천로제리움(도시형),봉천로33길 7,37.483587,126.943546,청정종합건영(주),34,39.07,1,1
625,은천로제리움,곰달래로16길 15,은천로제리움(도시형),봉천로33길 7,37.483587,126.943546,청정종합건영(주),34,45.59,1,1
626,정원파크빌,곰달래로20길 31,정원파크빌,은천로 126,37.486568,126.94912,용림건설(주),9,38.07,1,1
627,정원파크빌,곰달래로20길 31,정원파크빌,은천로 126,37.486568,126.94912,용림건설(주),9,41.93,1,1
628,정원파크빌,곰달래로20길 31,정원파크빌,은천로 126,37.486568,126.94912,용림건설(주),9,59,1,1
629,조약돌빌Ⅲ,관악로 110,None,None,0,0,None,0,0,0,0
630,Dimanche,중앙길 15-1,None,None,0,0,None,0,0,0,0
631,고척리본타운,은천로 126,None,None,0,0,None,0,0,0,0
632,(744-12),관악로25길 5-5,None,None,0,0,None,0,0,0,0
633,(744-49),신림동7길 33,None,None,0,0,None,0,0,0,0
634,(745-64),자양로 154-11,None,None,0,0,None,0,0,0,0
635,(752-34),고척로52나길 25,None,None,0,0,None,0,0,0,0
636,(797-10),구로동로18길 35-1,None,None,0,0,None,0,0,0,0
637,신도림아이파크,구로동로18길 29,신도림아이파크(민간임대),경인로67길 33,37.511159,126.888569,아이앤콘스(주),189,56.31,3,2
638,신도림아이파크,구로동로18길 29,신도림아이파크(민간임대),경인로67길 33,37.511159,126.888569,아이앤콘스(주),189,56.26,3,2
639,신도림아이파크,구로동로18길 29,신도림아이파크(민간임대),경인로67길 33,37.511159,126.888569,아이앤콘스(주),189,57.09,3,2
640,신도림아이파크,구로동로18길 29,신도림아이파크(민간임대),경인로67길 33,37.511159,126.888569,아이앤콘스(주),189,57.29,3,2
641,신도림아이파크,구로동로18길 29,신도림아이파크(민간임대),경인로67길 33,37.511159,126.888569,아이앤콘스(주),189,57.97,3,2
642,신도림아이파크,구로동로18길 29,신도림아이파크(민간임대),경인로67길 33,37.511159,126.888569,아이앤콘스(주),189,57.57,3,2
643,씨앤에스타워,구로동로12길 16-16,씨앤에스타워(도시형),벚꽃로 316,37.482741,126.882843,구진산업개발주식회사,73,17.8,1,1
644,씨앤에스타워,구로동로12길 16-16,씨앤에스타워(도시형),벚꽃로 316,37.482741,126.882843,구진산업개발주식회사,73,18.19,1,1
645,씨앤에스타워,구로동로12길 16-16,씨앤에스타워(도시형),벚꽃로 316,37.482741,126.882843,구진산업개발주식회사,73,18.43,1,1
646,씨앤에스타워,구로동로12길 16-16,씨앤에스타워(도시형),벚꽃로 316,37.482741,126.882843,구진산업개발주식회사,73,23.47,1,1
647,씨앤에스타워,구로동로12길 16-16,씨앤에스타워(도시형),벚꽃로 316,37.482741,126.882843,구진산업개발주식회사,73,23.86,1,1
648,씨앤에스타워,구로동로12길 16-16,씨앤에스타워(도시형),벚꽃로 316,37.482741,126.882843,구진산업개발주식회사,73,26.19,1,1
649,씨앤에스타워,구로동로12길 16-16,씨앤에스타워(도시형),벚꽃로 316,37.482741,126.882843,구진산업개발주식회사,73,26.02,1,1
650,씨앤에스타워,구로동로12길 16-16,씨앤에스타워(도시형),벚꽃로 316,37.482741,126.882843,구진산업개발주식회사,73,29.92,1,1
651,씨앤에스타워,구로동로12길 16-16,씨앤에스타워(도시형),벚꽃로 316,37.482741,126.882843,구진산업개발주식회사,73,36.97,1,1
652,씨앤에스타워,구로동로12길 16-16,씨앤에스타워(도시형),벚꽃로 316,37.482741,126.882843,구진산업개발주식회사,73,42.52,1,1
653,KJ타운,구로동로8길 70-13,None,None,0,0,None,0,0,0,0
654,천우네오젠(39-610),벚꽃로 316,None,None,0,0,None,0,0,0,0
655,로얄팰리스,도봉로165길 18,로얄팰리스,성서로 393,35.852707,128.506653,(주)다인건설,492,45.56,2,1
656,로얄팰리스,도봉로165길 18,로얄팰리스,성서로 393,35.852707,128.506653,(주)다인건설,492,45.27,3,2
657,로얄팰리스,도봉로165길 18,로얄팰리스,성서로 393,35.852707,128.506653,(주)다인건설,492,45.54,2,1
658,로얄팰리스,도봉로165길 18,로얄팰리스,성서로 393,35.852707,128.506653,(주)다인건설,492,46.3,2,1
659,로얄팰리스,도봉로165길 18,로얄팰리스,성서로 393,35.852707,128.506653,(주)다인건설,492,47.22,2,1
660,명가뷰,한빛로 29,None,None,0,0,None,0,0,0,0
661,PHILSTAY(56-49),천호대로39길 56,None,None,0,0,None,0,0,0,0
662,이대다올노블리움2차(에이동),장한로27길 11,None,None,0,0,None,0,0,0,0
663,빛나는빌드,답십리로26길 26,None,None,0,0,None,0,0,0,0
664,리아빌딩,전농로38가길 15-3,None,None,0,0,None,0,0,0,0
665,헤센파크힐,이화여대3길 16,헤센파크힐,사임당로 115,37.491174,127.022487,신한종합건설(주),102,18.34,1,1
666,헤센파크힐,이화여대3길 16,헤센파크힐,사임당로 115,37.491174,127.022487,신한종합건설(주),102,19.27,1,1
667,헤센파크힐,이화여대3길 16,헤센파크힐,사임당로 115,37.491174,127.022487,신한종합건설(주),102,20.66,1,1
668,헤센파크힐,이화여대3길 16,헤센파크힐,사임당로 115,37.491174,127.022487,신한종합건설(주),102,21.19,1,1
669,헤센파크힐,이화여대3길 16,헤센파크힐,사임당로 115,37.491174,127.022487,신한종합건설(주),102,21.49,1,1
670,헤센파크힐,이화여대3길 16,헤센파크힐,사임당로 115,37.491174,127.022487,신한종합건설(주),102,21.01,1,1
671,헤센파크힐,이화여대3길 16,헤센파크힐,사임당로 115,37.491174,127.022487,신한종합건설(주),102,26.11,1,1
672,헤센파크힐,이화여대3길 16,헤센파크힐,사임당로 115,37.491174,127.022487,신한종합건설(주),102,26.04,1,1
673,헤센파크힐,이화여대3길 16,헤센파크힐,사임당로 115,37.491174,127.022487,신한종합건설(주),102,32.1,2,1
674,헤센파크힐,이화여대3길 16,헤센파크힐,사임당로 115,37.491174,127.022487,신한종합건설(주),102,31.62,2,1
675,헤센파크힐,이화여대3길 16,헤센파크힐,사임당로 115,37.491174,127.022487,신한종합건설(주),102,32.58,2,1
676,서초,이화여대1길 30,None,None,0,0,None,0,0,0,0
677,아우룸타워(AurumTower),명지길 109,None,None,0,0,None,0,0,0,0
678,세명아크로빌,동소문로 84,None,None,0,0,None,0,0,0,0
679,한가람TheFirstⅡ,목동중앙북로 120-8,None,None,0,0,None,0,0,0,0
680,대한웰빙홈,목동중앙북로7가길 38,대한웰빙홈(도시형),통일로 925,37.625606,126.91974,유호산업개발(주),86,15.54,1,1
681,대한웰빙홈,목동중앙북로7가길 38,대한웰빙홈(도시형),통일로 925,37.625606,126.91974,유호산업개발(주),86,25.07,1,1
682,대한웰빙홈,목동중앙북로7가길 38,대한웰빙홈(도시형),통일로 925,37.625606,126.91974,유호산업개발(주),86,31.15,1,1
683,도올탑스텔,통일로65길 7-1,None,None,0,0,None,0,0,0,0
684,S-TOWER,가좌로 334,None,None,0,0,None,0,0,0,0
685,현대수린나아파트,연서로2길 8-4,현대수린나,동남로49길 77,37.53293,127.145364,보훈종합건설(주),34,66.92,3,2
686,현대수린나아파트,연서로2길 8-4,현대수린나,동남로49길 77,37.53293,127.145364,보훈종합건설(주),34,73.05,3,2
687,현대수린나아파트,연서로2길 8-4,현대수린나,동남로49길 77,37.53293,127.145364,보훈종합건설(주),34,76.6,3,2
688,현대수린나아파트,연서로2길 8-4,현대수린나,동남로49길 77,37.53293,127.145364,보훈종합건설(주),34,84.82,3,2
689,675,청계천로 295,None,None,0,0,None,0,0,0,0
690,dk182,동남로49길 77,None,None,0,0,None,0,0,0,0
691,양지샤인빌,올림픽로91길 30,양지샤인빌(도시형),목동중앙남로16다길 51,37.54347,126.862864,도영종합건설(주),15,27.69,1,1
692,양지샤인빌,올림픽로91길 30,양지샤인빌(도시형),목동중앙남로16다길 51,37.54347,126.862864,도영종합건설(주),15,28.53,1,1
693,양지샤인빌,올림픽로91길 30,양지샤인빌(도시형),목동중앙남로16다길 51,37.54347,126.862864,도영종합건설(주),15,29.92,1,1
694,타운캐슬B동,고덕로20마길 35,None,None,0,0,None,0,0,0,0
695,혜성아파트(343-50),양천로 516,None,None,0,0,None,0,0,0,0
696,1553-1,공항대로 593,None,None,0,0,None,0,0,0,0
697,(751-29),강서로7길 73,None,None,0,0,None,0,0,0,0
698,(792-108),초록마을로32길 7-5,None,None,0,0,None,0,0,0,0
699,HD화동빌라,강서로 43-1,None,None,0,0,None,0,0,0,0
700,황산(780-55),남부순환로218길 27,None,None,0,0,None,0,0,0,0
701,항동하버라인8단지,디지털로27라길 39-12,None,None,0,0,None,0,0,0,0
702,(683-30),구로동로18길 44-4,None,None,0,0,None,0,0,0,0
703,노원에너지제로주택,도림로12길 5-5,None,None,0,0,None,0,0,0,0
704,연해피빌,오리로20길 28,None,None,0,0,None,0,0,0,0
705,금보,화랑로 425-7,금보,경기도 시흥시 수인로3409번길 58,37.43673,126.77961,-,110,46.11,3,1
706,금보,화랑로 425-7,금보,경기도 시흥시 수인로3409번길 58,37.43673,126.77961,-,110,58.32,3,1
707,금보,화랑로 425-7,금보,경기도 시흥시 수인로3409번길 58,37.43673,126.77961,-,110,64.14,3,1
708,하우스205,한글비석로 97,None,None,0,0,None,0,0,0,0
709,자현유하우스,공릉로62가길 14,자현유하우스,서초대로16길 9,37.486206,126.990851,신홍선건설(주),57,32.61,2,1
710,자현유하우스,공릉로62가길 14,자현유하우스,서초대로16길 9,37.486206,126.990851,신홍선건설(주),57,32.54,2,1
711,자현유하우스,공릉로62가길 14,자현유하우스,서초대로16길 9,37.486206,126.990851,신홍선건설(주),57,33.7,2,1
712,자현유하우스,공릉로62가길 14,자현유하우스,서초대로16길 9,37.486206,126.990851,신홍선건설(주),57,37.87,3,1
713,자현유하우스,공릉로62가길 14,자현유하우스,서초대로16길 9,37.486206,126.990851,신홍선건설(주),57,37.8,3,1
714,자현유하우스,공릉로62가길 14,자현유하우스,서초대로16길 9,37.486206,126.990851,신홍선건설(주),57,41.74,3,1
715,자현유하우스,공릉로62가길 14,자현유하우스,서초대로16길 9,37.486206,126.990851,신홍선건설(주),57,41.81,3,1
716,자현유하우스,공릉로62가길 14,자현유하우스,서초대로16길 9,37.486206,126.990851,신홍선건설(주),57,42.57,3,1
717,자현유하우스,공릉로62가길 14,자현유하우스,서초대로16길 9,37.486206,126.990851,신홍선건설(주),57,43.87,3,1
718,자현유하우스,공릉로62가길 14,자현유하우스,서초대로16길 9,37.486206,126.990851,신홍선건설(주),57,44.22,3,1
719,자현유하우스,공릉로62가길 14,자현유하우스,서초대로16길 9,37.486206,126.990851,신홍선건설(주),57,46.25,3,2
720,자현유하우스,공릉로62가길 14,자현유하우스,서초대로16길 9,37.486206,126.990851,신홍선건설(주),57,47.47,3,2
721,자현유하우스,공릉로62가길 14,자현유하우스,서초대로16길 9,37.486206,126.990851,신홍선건설(주),57,50.87,3,2
722,자현유하우스,공릉로62가길 14,자현유하우스,서초대로16길 9,37.486206,126.990851,신홍선건설(주),57,69.78,3,2
723,자현유하우스,공릉로62가길 14,자현유하우스,서초대로16길 9,37.486206,126.990851,신홍선건설(주),57,84.85,3,2
724,인암빌,장한로27가길 37,인암빌(도시형),사근동길 47,37.561196,127.046092,(주)동일토건,84,17.04,1,1
725,인암빌,장한로27가길 37,인암빌(도시형),사근동길 47,37.561196,127.046092,(주)동일토건,84,17.62,1,1
726,인암빌,장한로27가길 37,인암빌(도시형),사근동길 47,37.561196,127.046092,(주)동일토건,84,18.07,1,1
727,인암빌,장한로27가길 37,인암빌(도시형),사근동길 47,37.561196,127.046092,(주)동일토건,84,18.65,1,1
728,인암빌,장한로27가길 37,인암빌(도시형),사근동길 47,37.561196,127.046092,(주)동일토건,84,31.8,1,1
729,인암빌,장한로27가길 37,인암빌(도시형),사근동길 47,37.561196,127.046092,(주)동일토건,84,32.09,1,1
730,1325,장한로21길 19-9,None,None,0,0,None,0,0,0,0
731,이든채(101동~104동),연희로31길 14,None,None,0,0,None,0,0,0,0
732,신길파크자이,서초대로16길 9,신길파크자이,신길로28길 25,37.503064,126.913481,지에스건설(주),641,59.97,3,2
733,신길파크자이,서초대로16길 9,신길파크자이,신길로28길 25,37.503064,126.913481,지에스건설(주),641,59.99,3,2
734,신길파크자이,서초대로16길 9,신길파크자이,신길로28길 25,37.503064,126.913481,지에스건설(주),641,59.96,3,2
735,신길파크자이,서초대로16길 9,신길파크자이,신길로28길 25,37.503064,126.913481,지에스건설(주),641,59.95,3,2
736,신길파크자이,서초대로16길 9,신길파크자이,신길로28길 25,37.503064,126.913481,지에스건설(주),641,84.98,3,2
737,신길파크자이,서초대로16길 9,신길파크자이,신길로28길 25,37.503064,126.913481,지에스건설(주),641,84.99,3,2
738,신길파크자이,서초대로16길 9,신길파크자이,신길로28길 25,37.503064,126.913481,지에스건설(주),641,84.99,3,2
739,신길파크자이,서초대로16길 9,신길파크자이,신길로28길 25,37.503064,126.913481,지에스건설(주),641,84.98,3,2
740,신길파크자이,서초대로16길 9,신길파크자이,신길로28길 25,37.503064,126.913481,지에스건설(주),641,111.59,4,2
741,만연센텀시티,사근동길 47,None,None,0,0,None,0,0,0,0
742,신내글로리움,신길로28길 25,None,None,0,0,None,0,0,0,0
743,도곡동STAY77,연서로29길 7-5,대외,중앙로55길 13,37.526429,126.847828,대외건설(주),18,81.78,3,2
744,도곡동STAY77,연서로29길 7-5,대외,중앙로55길 13,37.526429,126.847828,대외건설(주),18,83.03,3,2
745,도곡동STAY77,연서로29길 7-5,대외,중앙로55길 13,37.526429,126.847828,대외건설(주),18,87.2,3,2
746,도곡동STAY77,연서로29길 7-5,대외,중앙로55길 13,37.526429,126.847828,대외건설(주),18,88.74,3,2
747,도곡동STAY77,연서로29길 7-5,대외,중앙로55길 13,37.526429,126.847828,대외건설(주),18,93.22,3,2
748,더갤러리파크,면목로 490,None,None,0,0,None,0,0,0,0
749,강동리버스트4단지,신내로 208,강동리버스트4단지,아리수로93가길 110,37.572621,127.1731,(주)두산건설,1239,49.82,2,1
750,강동리버스트4단지,신내로 208,강동리버스트4단지,아리수로93가길 110,37.572621,127.1731,(주)두산건설,1239,59.99,3,2
751,강동리버스트6단지,남부순환로351길 4,None,None,0,0,None,0,0,0,0
752,강동리버스트7단지,영동대로141길 14,None,None,0,0,None,0,0,0,0
753,강동리버스트8단지,아리수로93가길 110,강동리버스트8단지,아리수로93나길 88,37.571829,127.176297,"(주)대보건설,신해공영(주),(주)세방테크",946,49.74,2,1
754,강동리버스트8단지,아리수로93가길 110,강동리버스트8단지,아리수로93나길 88,37.571829,127.176297,"(주)대보건설,신해공영(주),(주)세방테크",946,59.97,3,2
755,강동리엔파크9단지,아리수로93가길 77,None,None,0,0,None,0,0,0,0
756,후성누리움,아리수로93나길 88,둔촌후성누리움(실버주택),명일로 135,37.531174,127.143102,일광실업(주),51,78.22,2,2
757,후성누리움,아리수로93나길 88,둔촌후성누리움(실버주택),명일로 135,37.531174,127.143102,일광실업(주),51,83.47,3,2
758,후성누리움,아리수로93나길 88,둔촌후성누리움(실버주택),명일로 135,37.531174,127.143102,일광실업(주),51,84.39,3,2
759,유경와이케이빌,진황도로 107,None,None,0,0,None,0,0,0,0
760,리치아파트102동(924-24),명일로 135,None,None,0,0,None,0,0,0,0
761,리치아파트103동,천호대로161길 21,None,None,0,0,None,0,0,0,0
762,리치아파트104동,도봉로73길 41,None,None,0,0,None,0,0,0,0
763,1730,월정로20길 58,None,None,0,0,None,0,0,0,0
764,1730-1,월정로20길 56,None,None,0,0,None,0,0,0,0
765,e편한세상서울대입구2차,곰달래로18길 13,e편한세상서울대입구2차,참숯1길 19,37.478085,126.941571,"DL건설,(주)대림코퍼레이션",519,59.72,3,2
766,e편한세상서울대입구2차,곰달래로18길 13,e편한세상서울대입구2차,참숯1길 19,37.478085,126.941571,"DL건설,(주)대림코퍼레이션",519,59.85,3,2
767,e편한세상서울대입구2차,곰달래로18길 13,e편한세상서울대입구2차,참숯1길 19,37.478085,126.941571,"DL건설,(주)대림코퍼레이션",519,59.87,3,2
768,e편한세상서울대입구2차,곰달래로18길 13,e편한세상서울대입구2차,참숯1길 19,37.478085,126.941571,"DL건설,(주)대림코퍼레이션",519,84.31,3,2
769,e편한세상서울대입구2차,곰달래로18길 13,e편한세상서울대입구2차,참숯1길 19,37.478085,126.941571,"DL건설,(주)대림코퍼레이션",519,84.31,3,2
770,e편한세상서울대입구2차,곰달래로18길 13,e편한세상서울대입구2차,참숯1길 19,37.478085,126.941571,"DL건설,(주)대림코퍼레이션",519,116.72,4,2
771,윤성타워,참숯1길 19,윤성타워텔,영신로40길 18,37.521063,126.903298,안정건설(주),26,30.2,1,1
772,윤성타워,참숯1길 19,윤성타워텔,영신로40길 18,37.521063,126.903298,안정건설(주),26,34.67,1,1
773,윤성타워,참숯1길 19,윤성타워텔,영신로40길 18,37.521063,126.903298,안정건설(주),26,33.22,1,1
774,윤성타워,참숯1길 19,윤성타워텔,영신로40길 18,37.521063,126.903298,안정건설(주),26,47.63,1,1
775,윤성타워,참숯1길 19,윤성타워텔,영신로40길 18,37.521063,126.903298,안정건설(주),26,46.81,1,1
776,윤성타워,참숯1길 19,윤성타워텔,영신로40길 18,37.521063,126.903298,안정건설(주),26,51.97,2,1
777,윤성타워,참숯1길 19,윤성타워텔,영신로40길 18,37.521063,126.903298,안정건설(주),26,47.58,1,1
778,윤성타워,참숯1길 19,윤성타워텔,영신로40길 18,37.521063,126.903298,안정건설(주),26,62.26,2,1
779,지붕위애,남부순환로 1987,None,None,0,0,None,0,0,0,0
780,광진스위트엠아파트,봉천로12길 59,광진스위트엠,광나루로20길 23,37.545881,127.074547,혁지종합건설㈜,48,83.18,3,2
781,광진스위트엠아파트,봉천로12길 59,광진스위트엠,광나루로20길 23,37.545881,127.074547,혁지종합건설㈜,48,84.99,3,2
782,광진스위트엠아파트,봉천로12길 59,광진스위트엠,광나루로20길 23,37.545881,127.074547,혁지종합건설㈜,48,84.51,3,3
783,광진스위트엠아파트,봉천로12길 59,광진스위트엠,광나루로20길 23,37.545881,127.074547,혁지종합건설㈜,48,103.84,4,3
784,센트레빌레우스1단지,관천로 74,None,None,0,0,None,0,0,0,0
785,신도림크라운빌,구의강변로 53,신도림크라운빌(도시형),경인로61길 21,37.507746,126.884062,계룡건설산업(주),232,20.47,1,1
786,신도림크라운빌,구의강변로 53,신도림크라운빌(도시형),경인로61길 21,37.507746,126.884062,계룡건설산업(주),232,20.41,1,1
787,신도림크라운빌,구의강변로 53,신도림크라운빌(도시형),경인로61길 21,37.507746,126.884062,계룡건설산업(주),232,20.81,1,1
788,신도림크라운빌,구의강변로 53,신도림크라운빌(도시형),경인로61길 21,37.507746,126.884062,계룡건설산업(주),232,40.46,1,1
789,신도림크라운빌,구의강변로 53,신도림크라운빌(도시형),경인로61길 21,37.507746,126.884062,계룡건설산업(주),232,44.84,1,1
790,태솔아파트5차,경인로 302-1,None,None,0,0,None,0,0,0,0
791,상도역,경인로 187,None,None,0,0,None,0,0,0,0
792,명지플러스빌(A),답십리로 314,None,None,0,0,None,0,0,0,0
793,북한산두산위브2차,천호대로83길 8,북한산두산위브2차,홍은중앙로1길 100,37.600043,126.944439,두산건설(주),296,56.91,2,2
794,북한산두산위브2차,천호대로83길 8,북한산두산위브2차,홍은중앙로1길 100,37.600043,126.944439,두산건설(주),296,59.75,3,2
795,Venessere,양녕로 220,None,None,0,0,None,0,0,0,0
796,루컴즈힐서리풀,가재울로4길 48,루컴즈힐서리풀,명달로 97-13,37.48604,127.003198,(주)포스코A&C,28,78.56,3,2
797,루컴즈힐서리풀,가재울로4길 48,루컴즈힐서리풀,명달로 97-13,37.48604,127.003198,(주)포스코A&C,28,78.77,3,2
798,루컴즈힐서리풀,가재울로4길 48,루컴즈힐서리풀,명달로 97-13,37.48604,127.003198,(주)포스코A&C,28,79.95,2,2
799,루컴즈힐서리풀,가재울로4길 48,루컴즈힐서리풀,명달로 97-13,37.48604,127.003198,(주)포스코A&C,28,80.55,2,2
800,루컴즈힐서리풀,가재울로4길 48,루컴즈힐서리풀,명달로 97-13,37.48604,127.003198,(주)포스코A&C,28,80.41,3,2
801,루컴즈힐서리풀,가재울로4길 48,루컴즈힐서리풀,명달로 97-13,37.48604,127.003198,(주)포스코A&C,28,83.8,3,2
802,루컴즈힐서리풀,가재울로4길 48,루컴즈힐서리풀,명달로 97-13,37.48604,127.003198,(주)포스코A&C,28,83.92,3,2
803,루컴즈힐서리풀,가재울로4길 48,루컴즈힐서리풀,명달로 97-13,37.48604,127.003198,(주)포스코A&C,28,83.58,3,2
804,루컴즈힐서리풀,가재울로4길 48,루컴즈힐서리풀,명달로 97-13,37.48604,127.003198,(주)포스코A&C,28,84.97,3,2
805,루컴즈힐서리풀,가재울로4길 48,루컴즈힐서리풀,명달로 97-13,37.48604,127.003198,(주)포스코A&C,28,84.97,3,2
806,루컴즈힐서리풀,가재울로4길 48,루컴즈힐서리풀,명달로 97-13,37.48604,127.003198,(주)포스코A&C,28,84.97,3,2
807,드림팰리스101동,홍은중앙로1길 100,None,None,0,0,None,0,0,0,0
808,위례포레샤인18단지,명달로 97-1,None,None,0,0,None,0,0,0,0
809,MJ스위츠,논현로31길 24-18,엠제이스위트,신목로 59,37.520769,126.872775,키움건설(주),29,49.92,2,1
810,MJ스위츠,논현로31길 24-18,엠제이스위트,신목로 59,37.520769,126.872775,키움건설(주),29,57.12,2,1
811,선영에비앙,화랑로 265,None,None,0,0,None,0,0,0,0
812,엔비어스파크,신목로 59,엔비어스파크(도시형),버드나루로10길 7,37.524835,126.910894,서용건설(주),236,16.64,1,1
813,엔비어스파크,신목로 59,엔비어스파크(도시형),버드나루로10길 7,37.524835,126.910894,서용건설(주),236,16.55,1,1
814,엔비어스파크,신목로 59,엔비어스파크(도시형),버드나루로10길 7,37.524835,126.910894,서용건설(주),236,24.4,2,1
815,엔비어스파크,신목로 59,엔비어스파크(도시형),버드나루로10길 7,37.524835,126.910894,서용건설(주),236,33.96,3,1
816,거장카운티,선유서로 50,거장카운티(주상복합),서오릉로 6,37.602172,126.927149,(주)성안종합건설,42,38.7,2,1
817,거장카운티,선유서로 50,거장카운티(주상복합),서오릉로 6,37.602172,126.927149,(주)성안종합건설,42,42.29,3,2
818,거장카운티,선유서로 50,거장카운티(주상복합),서오릉로 6,37.602172,126.927149,(주)성안종합건설,42,42.39,3,2
819,거장카운티,선유서로 50,거장카운티(주상복합),서오릉로 6,37.602172,126.927149,(주)성안종합건설,42,44.54,3,2
820,거장카운티,선유서로 50,거장카운티(주상복합),서오릉로 6,37.602172,126.927149,(주)성안종합건설,42,48.93,3,2
821,삼일주택,국회대로50길 20,None,None,0,0,None,0,0,0,0
822,영하우스,서오릉로 6,영하우스(도시형),월곡로18길 25-18,37.60235,127.043415,(주)상원티에스,10,14.4,1,1
823,영하우스,서오릉로 6,영하우스(도시형),월곡로18길 25-18,37.60235,127.043415,(주)상원티에스,10,15.84,1,1
824,영하우스,서오릉로 6,영하우스(도시형),월곡로18길 25-18,37.60235,127.043415,(주)상원티에스,10,16.81,1,1
825,영하우스,서오릉로 6,영하우스(도시형),월곡로18길 25-18,37.60235,127.043415,(주)상원티에스,10,18.86,1,1
826,영하우스,서오릉로 6,영하우스(도시형),월곡로18길 25-18,37.60235,127.043415,(주)상원티에스,10,22.14,1,1
827,더플레이스충정로,연서로28길 21,None,None,0,0,None,0,0,0,0
828,(977-),중림로 21,칠성(977-2),시흥대로2길 8-25,37.434424,126.904801,칠성산업개발(주),14,62.94,3,2
829,(977-),중림로 21,칠성(977-2),시흥대로2길 8-25,37.434424,126.904801,칠성산업개발(주),14,66.39,3,2
830,(977-),중림로 21,칠성(977-2),시흥대로2길 8-25,37.434424,126.904801,칠성산업개발(주),14,70.65,3,2
831,엘에이치강남3단지,봉우재로 130,None,None,0,0,None,0,0,0,0
832,BRUNNEN청담,도곡로93길 23,None,None,0,0,None,0,0,0,0
833,효성빌라청담1012차,영동대로 646,None,None,0,0,None,0,0,0,0
834,강동리엔파크14단지,언주로 557,강동리엔파크14단지,고덕로98길 160,37.550941,127.181277,"대우조선해양건설(주),홍용종합건설(주),지에스네오텍(주)",943,49.69,2,1
835,강동리엔파크14단지,언주로 557,강동리엔파크14단지,고덕로98길 160,37.550941,127.181277,"대우조선해양건설(주),홍용종합건설(주),지에스네오텍(주)",943,59.94,3,2
836,유경와이케이라이마,도산대로99길 68,유경와이케이라이마(도시형),오패산로77길 16,37.637003,127.025663,주식회사 강동종합건설,56,18.47,1,1
837,유경와이케이라이마,도산대로99길 68,유경와이케이라이마(도시형),오패산로77길 16,37.637003,127.025663,주식회사 강동종합건설,56,18.82,1,1
838,유경와이케이라이마,도산대로99길 68,유경와이케이라이마(도시형),오패산로77길 16,37.637003,127.025663,주식회사 강동종합건설,56,20.17,1,1
839,유경와이케이라이마,도산대로99길 68,유경와이케이라이마(도시형),오패산로77길 16,37.637003,127.025663,주식회사 강동종합건설,56,23.16,1,1
840,유경와이케이라이마,도산대로99길 68,유경와이케이라이마(도시형),오패산로77길 16,37.637003,127.025663,주식회사 강동종합건설,56,45.22,1,1
841,엘크루발산,압구정로75길 27,None,None,0,0,None,0,0,0,0
842,278-7,고덕로98길 160,수락한신(1278),동일로230길 88,37.673335,127.06068,한신공영(주),47,49.93,2,1
843,278-7,고덕로98길 160,수락한신(1278),동일로230길 88,37.673335,127.06068,한신공영(주),47,56.85,2,1
844,278-7,고덕로98길 160,수락한신(1278),동일로230길 88,37.673335,127.06068,한신공영(주),47,59.82,3,1
845,278-7,고덕로98길 160,수락한신(1278),동일로230길 88,37.673335,127.06068,한신공영(주),47,76.92,3,2
846,278-7,고덕로98길 160,수락한신(1278),동일로230길 88,37.673335,127.06068,한신공영(주),47,84.75,3,2
847,마곡센트레빌,성안로 84,마곡센트레빌,양천로24길 13,37.572792,126.816085,동부건설(주),143,45.86,2,1
848,마곡센트레빌,성안로 84,마곡센트레빌,양천로24길 13,37.572792,126.816085,동부건설(주),143,59.42,3,2
849,마곡센트레빌,성안로 84,마곡센트레빌,양천로24길 13,37.572792,126.816085,동부건설(주),143,59.42,3,2
850,마곡센트레빌,성안로 84,마곡센트레빌,양천로24길 13,37.572792,126.816085,동부건설(주),143,59.6,3,2
851,마곡센트레빌,성안로 84,마곡센트레빌,양천로24길 13,37.572792,126.816085,동부건설(주),143,78.99,3,2
852,마곡센트레빌,성안로 84,마곡센트레빌,양천로24길 13,37.572792,126.816085,동부건설(주),143,81.67,3,2
853,M노블레스,오패산로77길 16,M노블레스(주상복합),까치산로 86,37.546038,126.847907,(주)비에스건설하우징,84,27.01,1,1
854,M노블레스,오패산로77길 16,M노블레스(주상복합),까치산로 86,37.546038,126.847907,(주)비에스건설하우징,84,29.88,1,1
855,M노블레스,오패산로77길 16,M노블레스(주상복합),까치산로 86,37.546038,126.847907,(주)비에스건설하우징,84,44.2,2,1
856,보눔하우스화곡,강서로56길 44,None,None,0,0,None,0,0,0,0
857,우장산역해링턴타워,까치산로 86,None,None,0,0,None,0,0,0,0
858,포르테하임,강서로 145,None,None,0,0,None,0,0,0,0
859,가야위드안,강서로7길 52-12,가야위드안(주상복합),봉천로12길 39,37.486931,126.930194,이안이즈건설(주),165,25.51,2,1
860,가야위드안,강서로7길 52-12,가야위드안(주상복합),봉천로12길 39,37.486931,126.930194,이안이즈건설(주),165,37.38,3,1
861,가야위드안,강서로7길 52-12,가야위드안(주상복합),봉천로12길 39,37.486931,126.930194,이안이즈건설(주),165,42.7,3,2
862,가야위드안,강서로7길 52-12,가야위드안(주상복합),봉천로12길 39,37.486931,126.930194,이안이즈건설(주),165,56.94,3,1
863,가야위드안,강서로7길 52-12,가야위드안(주상복합),봉천로12길 39,37.486931,126.930194,이안이즈건설(주),165,58.47,3,2
864,가야위드안,강서로7길 52-12,가야위드안(주상복합),봉천로12길 39,37.486931,126.930194,이안이즈건설(주),165,84.22,3,2
865,가야위드안,강서로7길 52-12,가야위드안(주상복합),봉천로12길 39,37.486931,126.930194,이안이즈건설(주),165,84.96,3,2
866,e편한세상광진그랜드파크,강서로 231,e편한세상광진그랜드파크,광나루로 458,37.544256,127.080723,대림산업(주),730,84.97,3,2
867,e편한세상광진그랜드파크,강서로 231,e편한세상광진그랜드파크,광나루로 458,37.544256,127.080723,대림산업(주),730,84.99,3,2
868,e편한세상광진그랜드파크,강서로 231,e편한세상광진그랜드파크,광나루로 458,37.544256,127.080723,대림산업(주),730,84.98,3,2
869,e편한세상광진그랜드파크,강서로 231,e편한세상광진그랜드파크,광나루로 458,37.544256,127.080723,대림산업(주),730,84.82,3,2
870,e편한세상광진그랜드파크,강서로 231,e편한세상광진그랜드파크,광나루로 458,37.544256,127.080723,대림산업(주),730,84.97,3,2
871,e편한세상광진그랜드파크,강서로 231,e편한세상광진그랜드파크,광나루로 458,37.544256,127.080723,대림산업(주),730,115.98,4,2
872,e편한세상광진그랜드파크,강서로 231,e편한세상광진그랜드파크,광나루로 458,37.544256,127.080723,대림산업(주),730,115.94,3,2
873,e편한세상광진그랜드파크,강서로 231,e편한세상광진그랜드파크,광나루로 458,37.544256,127.080723,대림산업(주),730,115.99,4,2
874,e편한세상광진그랜드파크,강서로 231,e편한세상광진그랜드파크,광나루로 458,37.544256,127.080723,대림산업(주),730,115.98,4,2
875,(743-21),강서로29길 76,None,None,0,0,None,0,0,0,0
876,(745-76),봉천로12길 39,None,None,0,0,None,0,0,0,0
877,(139-14),광나루로 458,None,None,0,0,None,0,0,0,0
878,태릉해링턴플레이스,구로동로12길 4-5,태릉해링턴플레이스,공릉로34길 86,37.625961,127.082959,효성중공업(주),1308,49.98,2,1
879,태릉해링턴플레이스,구로동로12길 4-5,태릉해링턴플레이스,공릉로34길 86,37.625961,127.082959,효성중공업(주),1308,59.98,3,2
880,태릉해링턴플레이스,구로동로12길 4-5,태릉해링턴플레이스,공릉로34길 86,37.625961,127.082959,효성중공업(주),1308,59.97,3,2
881,태릉해링턴플레이스,구로동로12길 4-5,태릉해링턴플레이스,공릉로34길 86,37.625961,127.082959,효성중공업(주),1308,74.95,3,2
882,태릉해링턴플레이스,구로동로12길 4-5,태릉해링턴플레이스,공릉로34길 86,37.625961,127.082959,효성중공업(주),1308,74.96,3,2
883,태릉해링턴플레이스,구로동로12길 4-5,태릉해링턴플레이스,공릉로34길 86,37.625961,127.082959,효성중공업(주),1308,74.95,3,2
884,태릉해링턴플레이스,구로동로12길 4-5,태릉해링턴플레이스,공릉로34길 86,37.625961,127.082959,효성중공업(주),1308,74.96,3,2
885,태릉해링턴플레이스,구로동로12길 4-5,태릉해링턴플레이스,공릉로34길 86,37.625961,127.082959,효성중공업(주),1308,84.98,3,2
886,태릉해링턴플레이스,구로동로12길 4-5,태릉해링턴플레이스,공릉로34길 86,37.625961,127.082959,효성중공업(주),1308,84.98,3,2
887,화랑대디오베이션,디지털로 209,화랑대디오베이션,노원로1길 95,37.620419,127.08219,건해건설(주),62,59.98,3,2
888,e편한세상청계센트럴포레,노원로1길 95,e편한세상청계센트럴포레,무학로 91,37.571895,127.029274,DL이앤씨,823,51.96,2,1
889,e편한세상청계센트럴포레,노원로1길 95,e편한세상청계센트럴포레,무학로 91,37.571895,127.029274,DL이앤씨,823,59.96,3,2
890,e편한세상청계센트럴포레,노원로1길 95,e편한세상청계센트럴포레,무학로 91,37.571895,127.029274,DL이앤씨,823,59.96,3,2
891,e편한세상청계센트럴포레,노원로1길 95,e편한세상청계센트럴포레,무학로 91,37.571895,127.029274,DL이앤씨,823,59.9,3,2
892,e편한세상청계센트럴포레,노원로1길 95,e편한세상청계센트럴포레,무학로 91,37.571895,127.029274,DL이앤씨,823,74.98,3,2
893,e편한세상청계센트럴포레,노원로1길 95,e편한세상청계센트럴포레,무학로 91,37.571895,127.029274,DL이앤씨,823,84.95,3,2
894,e편한세상청계센트럴포레,노원로1길 95,e편한세상청계센트럴포레,무학로 91,37.571895,127.029274,DL이앤씨,823,84.93,3,2
895,e편한세상청계센트럴포레,노원로1길 95,e편한세상청계센트럴포레,무학로 91,37.571895,127.029274,DL이앤씨,823,109.97,3,2
896,이수스위첸포레힐즈,천호대로83길 10,이수스위첸포레힐즈,동작대로45길 10,37.498185,126.982985,(주)케이씨씨건설,366,59.94,3,2
897,이수스위첸포레힐즈,천호대로83길 10,이수스위첸포레힐즈,동작대로45길 10,37.498185,126.982985,(주)케이씨씨건설,366,59.91,3,2
898,이수스위첸포레힐즈,천호대로83길 10,이수스위첸포레힐즈,동작대로45길 10,37.498185,126.982985,(주)케이씨씨건설,366,74.89,3,2
899,이수스위첸포레힐즈,천호대로83길 10,이수스위첸포레힐즈,동작대로45길 10,37.498185,126.982985,(주)케이씨씨건설,366,75.95,3,2
900,이수스위첸포레힐즈,천호대로83길 10,이수스위첸포레힐즈,동작대로45길 10,37.498185,126.982985,(주)케이씨씨건설,366,75.95,3,2
901,이수스위첸포레힐즈,천호대로83길 10,이수스위첸포레힐즈,동작대로45길 10,37.498185,126.982985,(주)케이씨씨건설,366,84.95,3,2
902,이수스위첸포레힐즈,천호대로83길 10,이수스위첸포레힐즈,동작대로45길 10,37.498185,126.982985,(주)케이씨씨건설,366,84.97,3,2
903,이수스위첸포레힐즈,천호대로83길 10,이수스위첸포레힐즈,동작대로45길 10,37.498185,126.982985,(주)케이씨씨건설,366,84.97,3,2
904,이수스위첸포레힐즈,천호대로83길 10,이수스위첸포레힐즈,동작대로45길 10,37.498185,126.982985,(주)케이씨씨건설,366,84.96,3,2
905,보라매자이더포레스트,여의대방로22길 121,보라매자이더포레스트,여의대방로22길 121,37.498497,126.926095,-,959,59.21,3,2
906,보라매자이더포레스트,여의대방로22길 121,보라매자이더포레스트,여의대방로22길 121,37.498497,126.926095,-,959,59.87,3,2
907,보라매자이더포레스트,여의대방로22길 121,보라매자이더포레스트,여의대방로22길 121,37.498497,126.926095,-,959,59.95,3,2
908,보라매자이더포레스트,여의대방로22길 121,보라매자이더포레스트,여의대방로22길 121,37.498497,126.926095,-,959,59.93,3,2
909,보라매자이더포레스트,여의대방로22길 121,보라매자이더포레스트,여의대방로22길 121,37.498497,126.926095,-,959,59.88,3,2
910,보라매자이더포레스트,여의대방로22길 121,보라매자이더포레스트,여의대방로22길 121,37.498497,126.926095,-,959,84.77,3,2
911,보라매자이더포레스트,여의대방로22길 121,보라매자이더포레스트,여의대방로22길 121,37.498497,126.926095,-,959,84.75,3,2
912,이안휴빌,북아현로22마길 23,None,None,0,0,None,0,0,0,0
913,북한산삼부르네상스(21.7.15),포방터8길 30,None,None,0,0,None,0,0,0,0
914,홍제역해링턴플레이스,세무서8길 30,홍제역해링턴플레이스,세무서8길 30,37.590313,126.947405,"효성중공업(주),진흥기업(주)",1116,39.38,2,1
915,홍제역해링턴플레이스,세무서8길 30,홍제역해링턴플레이스,세무서8길 30,37.590313,126.947405,"효성중공업(주),진흥기업(주)",1116,48.21,2,1
916,홍제역해링턴플레이스,세무서8길 30,홍제역해링턴플레이스,세무서8길 30,37.590313,126.947405,"효성중공업(주),진흥기업(주)",1116,59.99,3,2
917,홍제역해링턴플레이스,세무서8길 30,홍제역해링턴플레이스,세무서8길 30,37.590313,126.947405,"효성중공업(주),진흥기업(주)",1116,59.93,3,2
918,홍제역해링턴플레이스,세무서8길 30,홍제역해링턴플레이스,세무서8길 30,37.590313,126.947405,"효성중공업(주),진흥기업(주)",1116,59.99,3,2
919,홍제역해링턴플레이스,세무서8길 30,홍제역해링턴플레이스,세무서8길 30,37.590313,126.947405,"효성중공업(주),진흥기업(주)",1116,59.96,3,2
920,홍제역해링턴플레이스,세무서8길 30,홍제역해링턴플레이스,세무서8길 30,37.590313,126.947405,"효성중공업(주),진흥기업(주)",1116,59.97,3,2
921,홍제역해링턴플레이스,세무서8길 30,홍제역해링턴플레이스,세무서8길 30,37.590313,126.947405,"효성중공업(주),진흥기업(주)",1116,65.95,3,2
922,홍제역해링턴플레이스,세무서8길 30,홍제역해링턴플레이스,세무서8길 30,37.590313,126.947405,"효성중공업(주),진흥기업(주)",1116,67.18,2,2
923,홍제역해링턴플레이스,세무서8길 30,홍제역해링턴플레이스,세무서8길 30,37.590313,126.947405,"효성중공업(주),진흥기업(주)",1116,84.95,3,2
924,홍제역해링턴플레이스,세무서8길 30,홍제역해링턴플레이스,세무서8길 30,37.590313,126.947405,"효성중공업(주),진흥기업(주)",1116,84.95,3,2
925,홍제역해링턴플레이스,세무서8길 30,홍제역해링턴플레이스,세무서8길 30,37.590313,126.947405,"효성중공업(주),진흥기업(주)",1116,84.99,3,2
926,홍제역해링턴플레이스,세무서8길 30,홍제역해링턴플레이스,세무서8길 30,37.590313,126.947405,"효성중공업(주),진흥기업(주)",1116,84.33,3,2
927,홍제역해링턴플레이스,세무서8길 30,홍제역해링턴플레이스,세무서8길 30,37.590313,126.947405,"효성중공업(주),진흥기업(주)",1116,84.95,3,2
928,홍제역해링턴플레이스,세무서8길 30,홍제역해링턴플레이스,세무서8길 30,37.590313,126.947405,"효성중공업(주),진흥기업(주)",1116,84.98,3,2
929,홍제역해링턴플레이스,세무서8길 30,홍제역해링턴플레이스,세무서8길 30,37.590313,126.947405,"효성중공업(주),진흥기업(주)",1116,114.95,4,2
930,홍제역해링턴플레이스,세무서8길 30,홍제역해링턴플레이스,세무서8길 30,37.590313,126.947405,"효성중공업(주),진흥기업(주)",1116,114.83,4,2
931,골드넷멤버스빌리지,서래로2길 29,None,None,0,0,None,0,0,0,0
932,방배중앙,방배중앙로 158,방배중앙센트레빌,방배중앙로 158,37.493156,126.986632,동부건설(주),42,59.87,3,2
933,방배중앙,방배중앙로 158,방배중앙센트레빌,방배중앙로 158,37.493156,126.986632,동부건설(주),42,59.77,3,2
934,방배중앙,방배중앙로 158,방배중앙센트레빌,방배중앙로 158,37.493156,126.986632,동부건설(주),42,59.92,3,2
935,방배중앙,방배중앙로 158,방배중앙센트레빌,방배중앙로 158,37.493156,126.986632,동부건설(주),42,59.93,3,2
936,방배중앙,방배중앙로 158,방배중앙센트레빌,방배중앙로 158,37.493156,126.986632,동부건설(주),42,59.93,3,2
937,서초그랑자이,사임당로20길 5,서초그랑자이,효령로 391,37.489133,127.025992,지에스건설(주),1446,59.98,3,2
938,서초그랑자이,사임당로20길 5,서초그랑자이,효령로 391,37.489133,127.025992,지에스건설(주),1446,59.98,3,2
939,서초그랑자이,사임당로20길 5,서초그랑자이,효령로 391,37.489133,127.025992,지에스건설(주),1446,59.99,3,2
940,서초그랑자이,사임당로20길 5,서초그랑자이,효령로 391,37.489133,127.025992,지에스건설(주),1446,59.99,3,2
941,서초그랑자이,사임당로20길 5,서초그랑자이,효령로 391,37.489133,127.025992,지에스건설(주),1446,74.91,3,2
942,서초그랑자이,사임당로20길 5,서초그랑자이,효령로 391,37.489133,127.025992,지에스건설(주),1446,74.98,3,2
943,서초그랑자이,사임당로20길 5,서초그랑자이,효령로 391,37.489133,127.025992,지에스건설(주),1446,84.51,3,2
944,서초그랑자이,사임당로20길 5,서초그랑자이,효령로 391,37.489133,127.025992,지에스건설(주),1446,84.84,3,2
945,서초그랑자이,사임당로20길 5,서초그랑자이,효령로 391,37.489133,127.025992,지에스건설(주),1446,84.87,3,2
946,서초그랑자이,사임당로20길 5,서초그랑자이,효령로 391,37.489133,127.025992,지에스건설(주),1446,84.87,3,2
947,서초그랑자이,사임당로20길 5,서초그랑자이,효령로 391,37.489133,127.025992,지에스건설(주),1446,84.87,3,2
948,서초그랑자이,사임당로20길 5,서초그랑자이,효령로 391,37.489133,127.025992,지에스건설(주),1446,90.97,3,2
949,서초그랑자이,사임당로20길 5,서초그랑자이,효령로 391,37.489133,127.025992,지에스건설(주),1446,90.72,3,2
950,서초그랑자이,사임당로20길 5,서초그랑자이,효령로 391,37.489133,127.025992,지에스건설(주),1446,100.31,4,2
951,서초그랑자이,사임당로20길 5,서초그랑자이,효령로 391,37.489133,127.025992,지에스건설(주),1446,100.41,4,2
952,서초그랑자이,사임당로20길 5,서초그랑자이,효령로 391,37.489133,127.025992,지에스건설(주),1446,119.41,4,2
953,서초그랑자이,사임당로20길 5,서초그랑자이,효령로 391,37.489133,127.025992,지에스건설(주),1446,115.99,3,3
954,서초그랑자이,사임당로20길 5,서초그랑자이,효령로 391,37.489133,127.025992,지에스건설(주),1446,115.71,3,3
955,서초그랑자이,사임당로20길 5,서초그랑자이,효령로 391,37.489133,127.025992,지에스건설(주),1446,148.5,4,2
956,서초프라임헤센,신반포로23길 78-10,서초프라임헤센,사임당로20길 5,37.48957,127.020973,신한종합건설,55,59.06,3,2
957,서초프라임헤센,신반포로23길 78-10,서초프라임헤센,사임당로20길 5,37.48957,127.020973,신한종합건설,55,61.17,3,2
958,서초프라임헤센,신반포로23길 78-10,서초프라임헤센,사임당로20길 5,37.48957,127.020973,신한종합건설,55,71.11,3,2
959,서초프라임헤센,신반포로23길 78-10,서초프라임헤센,사임당로20길 5,37.48957,127.020973,신한종합건설,55,73.13,3,2
960,서초프라임헤센아파트,동남로 240-1,서초프라임헤센,사임당로20길 5,37.48957,127.020973,신한종합건설,55,59.06,3,2
961,서초프라임헤센아파트,동남로 240-1,서초프라임헤센,사임당로20길 5,37.48957,127.020973,신한종합건설,55,61.17,3,2
962,서초프라임헤센아파트,동남로 240-1,서초프라임헤센,사임당로20길 5,37.48957,127.020973,신한종합건설,55,71.11,3,2
963,서초프라임헤센아파트,동남로 240-1,서초프라임헤센,사임당로20길 5,37.48957,127.020973,신한종합건설,55,73.13,3,2
964,신반포중앙하이츠,위례송파로 80,신반포중앙하이츠,신반포로23길 78-10,37.51153,127.005514,중앙건설주식회사,29,53.31,2,1
965,신반포중앙하이츠,위례송파로 80,신반포중앙하이츠,신반포로23길 78-10,37.51153,127.005514,중앙건설주식회사,29,54.13,2,1
966,신반포중앙하이츠,위례송파로 80,신반포중앙하이츠,신반포로23길 78-10,37.51153,127.005514,중앙건설주식회사,29,70.11,3,2
967,신반포중앙하이츠,위례송파로 80,신반포중앙하이츠,신반포로23길 78-10,37.51153,127.005514,중앙건설주식회사,29,73.28,3,2
968,신반포중앙하이츠,위례송파로 80,신반포중앙하이츠,신반포로23길 78-10,37.51153,127.005514,중앙건설주식회사,29,74.96,3,2
969,신반포중앙하이츠,위례송파로 80,신반포중앙하이츠,신반포로23길 78-10,37.51153,127.005514,중앙건설주식회사,29,80.75,3,2
970,신반포중앙하이츠,위례송파로 80,신반포중앙하이츠,신반포로23길 78-10,37.51153,127.005514,중앙건설주식회사,29,82.63,3,2
971,신반포중앙하이츠,위례송파로 80,신반포중앙하이츠,신반포로23길 78-10,37.51153,127.005514,중앙건설주식회사,29,84.66,3,2
972,신반포중앙하이츠,위례송파로 80,신반포중앙하이츠,신반포로23길 78-10,37.51153,127.005514,중앙건설주식회사,29,84.66,3,2
973,롯데캐슬길음클라시아,거마로 56,롯데캐슬클라시아,숭인로8길 80,37.608503,127.026427,㈜롯데건설,2029,59.87,3,2
974,롯데캐슬길음클라시아,거마로 56,롯데캐슬클라시아,숭인로8길 80,37.608503,127.026427,㈜롯데건설,2029,59.78,3,2
975,롯데캐슬길음클라시아,거마로 56,롯데캐슬클라시아,숭인로8길 80,37.608503,127.026427,㈜롯데건설,2029,59.88,3,2
976,롯데캐슬길음클라시아,거마로 56,롯데캐슬클라시아,숭인로8길 80,37.608503,127.026427,㈜롯데건설,2029,84.76,3,2
977,롯데캐슬길음클라시아,거마로 56,롯데캐슬클라시아,숭인로8길 80,37.608503,127.026427,㈜롯데건설,2029,84.76,3,2
978,롯데캐슬길음클라시아,거마로 56,롯데캐슬클라시아,숭인로8길 80,37.608503,127.026427,㈜롯데건설,2029,84.97,3,2
979,롯데캐슬길음클라시아,거마로 56,롯데캐슬클라시아,숭인로8길 80,37.608503,127.026427,㈜롯데건설,2029,84.76,3,2
980,롯데캐슬길음클라시아,거마로 56,롯데캐슬클라시아,숭인로8길 80,37.608503,127.026427,㈜롯데건설,2029,84.97,3,2
981,롯데캐슬길음클라시아,거마로 56,롯데캐슬클라시아,숭인로8길 80,37.608503,127.026427,㈜롯데건설,2029,112.5,4,2
982,롯데캐슬길음클라시아,거마로 56,롯데캐슬클라시아,숭인로8길 80,37.608503,127.026427,㈜롯데건설,2029,112.5,4,2
983,테라펠리체송파,위례송파로 124,테라펠리체송파(민간임대),동남로 240-6,37.497736,127.133834,(주)밸류개발,64,29.42,2,1
984,테라펠리체송파,위례송파로 124,테라펠리체송파(민간임대),동남로 240-6,37.497736,127.133834,(주)밸류개발,64,29.1,2,1
985,테라펠리체송파,위례송파로 124,테라펠리체송파(민간임대),동남로 240-6,37.497736,127.133834,(주)밸류개발,64,33.1,2,1
986,테라펠리체송파,위례송파로 124,테라펠리체송파(민간임대),동남로 240-6,37.497736,127.133834,(주)밸류개발,64,33.94,2,1
987,테라펠리체송파,위례송파로 124,테라펠리체송파(민간임대),동남로 240-6,37.497736,127.133834,(주)밸류개발,64,44.03,3,2
988,송파레이크파크호반써밋2차,위례송파로 89,송파레이크파크호반써밋2차,위례송파로 80,37.484839,127.14262,(주)호반건설주택,700,108.81,4,2
989,송파레이크파크호반써밋2차,위례송파로 89,송파레이크파크호반써밋2차,위례송파로 80,37.484839,127.14262,(주)호반건설주택,700,108.81,4,2
990,송파레이크파크호반써밋2차,위례송파로 89,송파레이크파크호반써밋2차,위례송파로 80,37.484839,127.14262,(주)호반건설주택,700,108.81,4,2
991,송파레이크파크호반써밋2차,위례송파로 89,송파레이크파크호반써밋2차,위례송파로 80,37.484839,127.14262,(주)호반건설주택,700,110.85,4,2
992,송파레이크파크호반써밋2차,위례송파로 89,송파레이크파크호반써밋2차,위례송파로 80,37.484839,127.14262,(주)호반건설주택,700,108.04,4,2
993,송파레이크파크호반써밋2차,위례송파로 89,송파레이크파크호반써밋2차,위례송파로 80,37.484839,127.14262,(주)호반건설주택,700,110.85,4,2
994,송파레이크파크호반써밋2차,위례송파로 89,송파레이크파크호반써밋2차,위례송파로 80,37.484839,127.14262,(주)호반건설주택,700,110.85,4,2
995,송파시그니처롯데캐슬,위례송파로 123,송파시그니처롯데캐슬,거여동,37.495866,127.147452,롯데건설 주식회사,1945,59.98,3,2
996,송파시그니처롯데캐슬,위례송파로 123,송파시그니처롯데캐슬,거여동,37.495866,127.147452,롯데건설 주식회사,1945,59.98,3,2
997,송파시그니처롯데캐슬,위례송파로 123,송파시그니처롯데캐슬,거여동,37.495866,127.147452,롯데건설 주식회사,1945,59.98,3,2
998,송파시그니처롯데캐슬,위례송파로 123,송파시그니처롯데캐슬,거여동,37.495866,127.147452,롯데건설 주식회사,1945,84.98,3,2
999,송파시그니처롯데캐슬,위례송파로 123,송파시그니처롯데캐슬,거여동,37.495866,127.147452,롯데건설 주식회사,1945,84.98,3,2
1000,송파시그니처롯데캐슬,위례송파로 123,송파시그니처롯데캐슬,거여동,37.495866,127.147452,롯데건설 주식회사,1945,84.98,3,2
1001,송파시그니처롯데캐슬,위례송파로 123,송파시그니처롯데캐슬,거여동,37.495866,127.147452,롯데건설 주식회사,1945,84.98,3,2
1002,송파시그니처롯데캐슬,위례송파로 123,송파시그니처롯데캐슬,거여동,37.495866,127.147452,롯데건설 주식회사,1945,84.98,3,2
1003,송파시그니처롯데캐슬,위례송파로 123,송파시그니처롯데캐슬,거여동,37.495866,127.147452,롯데건설 주식회사,1945,108.98,4,2
1004,송파위례리슈빌,송파대로 473,송파위례리슈빌퍼스트클래스,위례송파로 124,37.483842,127.146882,계룡건설산업(주),494,105.46,4,2
1005,송파위례리슈빌,송파대로 473,송파위례리슈빌퍼스트클래스,위례송파로 124,37.483842,127.146882,계룡건설산업(주),494,105.46,4,2
1006,송파위례리슈빌,송파대로 473,송파위례리슈빌퍼스트클래스,위례송파로 124,37.483842,127.146882,계룡건설산업(주),494,111.53,4,2
1007,송파위례리슈빌,송파대로 473,송파위례리슈빌퍼스트클래스,위례송파로 124,37.483842,127.146882,계룡건설산업(주),494,111.53,4,2
1008,송파위례리슈빌,송파대로 473,송파위례리슈빌퍼스트클래스,위례송파로 124,37.483842,127.146882,계룡건설산업(주),494,114.88,4,2
1009,송파위례리슈빌,송파대로 473,송파위례리슈빌퍼스트클래스,위례송파로 124,37.483842,127.146882,계룡건설산업(주),494,116.61,4,2
1010,송파위례리슈빌,송파대로 473,송파위례리슈빌퍼스트클래스,위례송파로 124,37.483842,127.146882,계룡건설산업(주),494,116.45,4,2
1011,송파위례리슈빌,송파대로 473,송파위례리슈빌퍼스트클래스,위례송파로 124,37.483842,127.146882,계룡건설산업(주),494,116.45,4,2
1012,위례포레샤인15단지,양산로 155,위례포레샤인15단지,위례송파로 89,37.485795,127.144078,"진흥기업(주),태평로건설(주),(주)삼영기업",394,64.94,3,2
1013,위례포레샤인15단지,양산로 155,위례포레샤인15단지,위례송파로 89,37.485795,127.144078,"진흥기업(주),태평로건설(주),(주)삼영기업",394,74.96,3,2
1014,위례포레샤인15단지,양산로 155,위례포레샤인15단지,위례송파로 89,37.485795,127.144078,"진흥기업(주),태평로건설(주),(주)삼영기업",394,74.9,3,2
1015,위례포레샤인15단지,양산로 155,위례포레샤인15단지,위례송파로 89,37.485795,127.144078,"진흥기업(주),태평로건설(주),(주)삼영기업",394,74.9,3,2
1016,위례포레샤인15단지,양산로 155,위례포레샤인15단지,위례송파로 89,37.485795,127.144078,"진흥기업(주),태평로건설(주),(주)삼영기업",394,74.96,3,2
1017,위례포레샤인15단지,양산로 155,위례포레샤인15단지,위례송파로 89,37.485795,127.144078,"진흥기업(주),태평로건설(주),(주)삼영기업",394,74.93,3,2
1018,위례포레샤인15단지,양산로 155,위례포레샤인15단지,위례송파로 89,37.485795,127.144078,"진흥기업(주),태평로건설(주),(주)삼영기업",394,84.75,3,2
1019,위례포레샤인15단지,양산로 155,위례포레샤인15단지,위례송파로 89,37.485795,127.144078,"진흥기업(주),태평로건설(주),(주)삼영기업",394,84.75,3,2
1020,위례포레샤인17단지,원효로81길 3,위례포레샤인17단지,위례송파로 123,37.485824,127.149029,"(주)한화건설,동아건설사업(주),세일이엔에스(주)",1282,66.83,3,2
1021,위례포레샤인17단지,원효로81길 3,위례포레샤인17단지,위례송파로 123,37.485824,127.149029,"(주)한화건설,동아건설사업(주),세일이엔에스(주)",1282,70.65,3,2
1022,위례포레샤인17단지,원효로81길 3,위례포레샤인17단지,위례송파로 123,37.485824,127.149029,"(주)한화건설,동아건설사업(주),세일이엔에스(주)",1282,70.95,3,2
1023,위례포레샤인17단지,원효로81길 3,위례포레샤인17단지,위례송파로 123,37.485824,127.149029,"(주)한화건설,동아건설사업(주),세일이엔에스(주)",1282,70.99,3,2
1024,위례포레샤인17단지,원효로81길 3,위례포레샤인17단지,위례송파로 123,37.485824,127.149029,"(주)한화건설,동아건설사업(주),세일이엔에스(주)",1282,70.71,3,2
1025,위례포레샤인17단지,원효로81길 3,위례포레샤인17단지,위례송파로 123,37.485824,127.149029,"(주)한화건설,동아건설사업(주),세일이엔에스(주)",1282,75.91,3,2
1026,위례포레샤인17단지,원효로81길 3,위례포레샤인17단지,위례송파로 123,37.485824,127.149029,"(주)한화건설,동아건설사업(주),세일이엔에스(주)",1282,75.6,3,2
1027,위례포레샤인17단지,원효로81길 3,위례포레샤인17단지,위례송파로 123,37.485824,127.149029,"(주)한화건설,동아건설사업(주),세일이엔에스(주)",1282,75.6,3,2
1028,양지473,통일로 610,양지473(주상복합),송파대로 473,37.508236,127.103903,(주)삼일기업공사,56,30.05,2,1
1029,양지473,통일로 610,양지473(주상복합),송파대로 473,37.508236,127.103903,(주)삼일기업공사,56,30.05,2,1
1030,양지473,통일로 610,양지473(주상복합),송파대로 473,37.508236,127.103903,(주)삼일기업공사,56,30.82,2,1
1031,DMCSKVIEW,양재대로111길 27,None,None,0,0,None,0,0,0,0
1032,e편한세상백련산,양재대로91가길 62-1,e편한세상백련산,백련산로 112,37.595555,126.923922,(주)DL건설,358,59.98,3,2
1033,e편한세상백련산,양재대로91가길 62-1,e편한세상백련산,백련산로 112,37.595555,126.923922,(주)DL건설,358,59.71,3,2
1034,e편한세상백련산,양재대로91가길 62-1,e편한세상백련산,백련산로 112,37.595555,126.923922,(주)DL건설,358,59.87,3,2
1035,e편한세상백련산,양재대로91가길 62-1,e편한세상백련산,백련산로 112,37.595555,126.923922,(주)DL건설,358,84.31,3,2
1036,e편한세상백련산,양재대로91가길 62-1,e편한세상백련산,백련산로 112,37.595555,126.923922,(주)DL건설,358,84.72,3,2
1037,힐스테이트녹번역,화곡로 146,힐스테이트녹번역,은평로 240,37.59962,126.934656,현대건설(주),879,41.76,1,1
1038,힐스테이트녹번역,화곡로 146,힐스테이트녹번역,은평로 240,37.59962,126.934656,현대건설(주),879,51.68,2,1
1039,힐스테이트녹번역,화곡로 146,힐스테이트녹번역,은평로 240,37.59962,126.934656,현대건설(주),879,51.78,2,1
1040,힐스테이트녹번역,화곡로 146,힐스테이트녹번역,은평로 240,37.59962,126.934656,현대건설(주),879,59.98,3,2
1041,힐스테이트녹번역,화곡로 146,힐스테이트녹번역,은평로 240,37.59962,126.934656,현대건설(주),879,59.98,3,2
1042,힐스테이트녹번역,화곡로 146,힐스테이트녹번역,은평로 240,37.59962,126.934656,현대건설(주),879,59.97,3,2
1043,힐스테이트녹번역,화곡로 146,힐스테이트녹번역,은평로 240,37.59962,126.934656,현대건설(주),879,74.99,3,2
1044,힐스테이트녹번역,화곡로 146,힐스테이트녹번역,은평로 240,37.59962,126.934656,현대건설(주),879,76.99,3,2
1045,힐스테이트녹번역,화곡로 146,힐스테이트녹번역,은평로 240,37.59962,126.934656,현대건설(주),879,84.99,3,2
1046,힐스테이트녹번역,화곡로 146,힐스테이트녹번역,은평로 240,37.59962,126.934656,현대건설(주),879,84.99,3,2
1047,힐스테이트녹번역,화곡로 146,힐스테이트녹번역,은평로 240,37.59962,126.934656,현대건설(주),879,84.99,3,2
1048,힐스테이트녹번역,화곡로 146,힐스테이트녹번역,은평로 240,37.59962,126.934656,현대건설(주),879,84.99,3,2
1049,힐스테이트녹번역,화곡로 146,힐스테이트녹번역,은평로 240,37.59962,126.934656,현대건설(주),879,84.99,3,2
1050,힐스테이트녹번역,화곡로 146,힐스테이트녹번역,은평로 240,37.59962,126.934656,현대건설(주),879,84.99,3,2
1051,약수역,능동로36길 101,None,None,0,0,None,0,0,0,0
1052,신내역금강펜테리움센트럴파크,동일로 174,신내역금강펜테리움센트럴파크,용마산로136길 160,37.609041,127.109111,(주)금강주택,490,79.69,3,2
1053,신내역금강펜테리움센트럴파크,동일로 174,신내역금강펜테리움센트럴파크,용마산로136길 160,37.609041,127.109111,(주)금강주택,490,84.97,3,2
1054,고덕아르테스미소지움,도림로8길 22,고덕아르테스미소지움,동남로 858,37.550076,127.156877,에스지신성건설주식회사,100,59.97,3,2
1055,고덕아르테스미소지움,도림로8길 22,고덕아르테스미소지움,동남로 858,37.550076,127.156877,에스지신성건설주식회사,100,59.97,3,2
1056,고덕아르테스미소지움,도림로8길 22,고덕아르테스미소지움,동남로 858,37.550076,127.156877,에스지신성건설주식회사,100,84.96,3,2
1057,보성주택,가마산로 271,None,None,0,0,None,0,0,0,0
1058,포르투나블루,시흥대로54길 47,None,None,0,0,None,0,0,0,0
1059,이듬빌,화랑로 425-17,None,None,0,0,None,0,0,0,0
1060,더메종건대,도봉로 445,더메종건대,동일로 174,37.547563,127.067392,(주)신태양건설,74,17.71,1,1
1061,더메종건대,도봉로 445,더메종건대,동일로 174,37.547563,127.067392,(주)신태양건설,74,16.44,1,1
1062,더메종건대,도봉로 445,더메종건대,동일로 174,37.547563,127.067392,(주)신태양건설,74,16.66,1,1
1063,더메종건대,도봉로 445,더메종건대,동일로 174,37.547563,127.067392,(주)신태양건설,74,18.83,1,1
1064,더메종건대,도봉로 445,더메종건대,동일로 174,37.547563,127.067392,(주)신태양건설,74,18.85,1,1
1065,(792-74),이문로 91,None,None,0,0,None,0,0,0,0
1066,(799-8),백범로31길 7,None,None,0,0,None,0,0,0,0
1067,MAX6,홍제원길 51,None,None,0,0,None,0,0,0,0
1068,인히어쌍문,강남대로 589,None,None,0,0,None,0,0,0,0
1069,민족통일MJ캠퍼스외대3차,송정길 32,민족통일MJ캠퍼스외대3차(주상복합),이문로 91,37.595169,127.059143,민족통일산업개발(주),56,18,1,1
1070,민족통일MJ캠퍼스외대3차,송정길 32,민족통일MJ캠퍼스외대3차(주상복합),이문로 91,37.595169,127.059143,민족통일산업개발(주),56,18.24,1,1
1071,민족통일MJ캠퍼스외대3차,송정길 32,민족통일MJ캠퍼스외대3차(주상복합),이문로 91,37.595169,127.059143,민족통일산업개발(주),56,18.54,1,1
1072,민족통일MJ캠퍼스외대3차,송정길 32,민족통일MJ캠퍼스외대3차(주상복합),이문로 91,37.595169,127.059143,민족통일산업개발(주),56,18.72,1,1
1073,민족통일MJ캠퍼스외대3차,송정길 32,민족통일MJ캠퍼스외대3차(주상복합),이문로 91,37.595169,127.059143,민족통일산업개발(주),56,25.86,1,1
1074,민족통일MJ캠퍼스외대3차,송정길 32,민족통일MJ캠퍼스외대3차(주상복합),이문로 91,37.595169,127.059143,민족통일산업개발(주),56,25.87,1,1
1075,공덕SK리더스뷰,숭인로8길 80,공덕SK리더스뷰(주상복합),백범로31길 7,37.545581,126.948847,에스케이건설(주),472,59.92,3,2
1076,공덕SK리더스뷰,숭인로8길 80,공덕SK리더스뷰(주상복합),백범로31길 7,37.545581,126.948847,에스케이건설(주),472,84.94,3,2
1077,공덕SK리더스뷰,숭인로8길 80,공덕SK리더스뷰(주상복합),백범로31길 7,37.545581,126.948847,에스케이건설(주),472,84.93,3,2
1078,공덕SK리더스뷰,숭인로8길 80,공덕SK리더스뷰(주상복합),백범로31길 7,37.545581,126.948847,에스케이건설(주),472,97.8,3,2
1079,공덕SK리더스뷰,숭인로8길 80,공덕SK리더스뷰(주상복합),백범로31길 7,37.545581,126.948847,에스케이건설(주),472,97.7,3,2
1080,공덕SK리더스뷰,숭인로8길 80,공덕SK리더스뷰(주상복합),백범로31길 7,37.545581,126.948847,에스케이건설(주),472,115.61,4,2
1081,마포월드컵제이스카이,동남로 240-6,None,None,0,0,None,0,0,0,0
1082,북한산삼부르네상스(21.9.17),위례송파로 40,None,None,0,0,None,0,0,0,0
1083,드림팰리스102동,중앙로29길 11,None,None,0,0,None,0,0,0,0
1084,히페리온리버팰리스,회나무로13가길 16,히페리온리버팰리스,송정길 32,37.548692,127.063418,한성건설(주),29,83.45,3,2
1085,히페리온리버팰리스,회나무로13가길 16,히페리온리버팰리스,송정길 32,37.548692,127.063418,한성건설(주),29,83.46,3,2
1086,히페리온리버팰리스,회나무로13가길 16,히페리온리버팰리스,송정길 32,37.548692,127.063418,한성건설(주),29,84.48,3,2
1087,송파레이크파크호반써밋1차,난계로17길 40-1,송파레이크파크호반써밋1차,위례송파로 40,37.484578,127.139154,(주)호반건설주택,689,108.81,4,2
1088,송파레이크파크호반써밋1차,난계로17길 40-1,송파레이크파크호반써밋1차,위례송파로 40,37.484578,127.139154,(주)호반건설주택,689,108.81,4,2
1089,송파레이크파크호반써밋1차,난계로17길 40-1,송파레이크파크호반써밋1차,위례송파로 40,37.484578,127.139154,(주)호반건설주택,689,108.04,4,2
